"passengerid","survived","pclass","sex","age","sibsp","parch","fare","embarked","title","deck","ageclass","familysize"
760,"yes","1","female",33,0,0,86.5,"S","Mrs.","B","adult",1
505,"yes","1","female",16,0,0,86.5,"S","Miss.","B","teen",1
258,"yes","1","female",30,0,0,86.5,"S","Miss.","B","adult",1
559,"yes","1","female",39,1,1,79.65,"S","Mrs.","E","adult",3
586,"yes","1","female",18,0,2,79.65,"S","Miss.","E","teen",3
263,"no","1","male",52,1,1,79.65,"S","Mr.","E","adult",3
476,"no","1","male",46.6,0,0,52,"S","Mr.","A","adult",1
111,"no","1","male",47,0,0,52,"S","Mr.","C","adult",1
1227,NA,"1","male",30,0,0,26,"S","Mr.","C","adult",1
1050,NA,"1","male",42,0,0,26.55,"S","Mr.","D","adult",1
431,"yes","1","male",28,0,0,26.55,"S","Mr.","C","adult",1
367,"yes","1","female",60,1,0,75.25,"C","Mrs.","D","senior",2
1128,NA,"1","male",64,1,0,75.25,"C","Mr.","D","senior",2
1083,NA,"1","male",25,0,0,26,"S","Mr.","U","adult",1
171,"no","1","male",61,0,0,33.5,"S","Mr.","B","senior",1
463,"no","1","male",47,0,0,38.5,"S","Mr.","E","adult",1
330,"yes","1","female",16,0,1,57.9792,"C","Miss.","B","teen",2
524,"yes","1","female",44,0,1,57.9792,"C","Mrs.","B","adult",2
890,"yes","1","male",26,0,0,30,"C","Mr.","C","adult",1
605,"yes","1","male",35,0,0,26.55,"C","Mr.","U","adult",1
508,"yes","1","male",12.3,0,0,26.55,"S","Mr.","U","teen",1
188,"yes","1","male",45,0,0,26.55,"S","Mr.","U","adult",1
807,"no","1","male",39,0,0,0,"S","Mr.","A","adult",1
1158,NA,"1","male",19.3,0,0,0,"S","Mr.","U","teen",1
634,"no","1","male",22.2,0,0,0,"S","Mr.","U","adult",1
888,"yes","1","female",19,0,0,30,"S","Miss.","B","teen",1
1264,NA,"1","male",49,0,0,0,"S","Mr.","B","adult",1
816,"no","1","male",47.7,0,0,0,"S","Mr.","B","adult",1
264,"no","1","male",40,0,0,0,"S","Mr.","B","adult",1
210,"yes","1","male",40,0,0,31,"C","Mr.","A","adult",1
1132,NA,"1","female",55,0,0,27.7208,"C","Mrs.","U","adult",1
1260,NA,"1","female",45,0,1,59.4,"C","Mrs.","U","adult",2
1294,NA,"1","female",22,0,1,59.4,"C","Miss.","U","adult",2
767,"no","1","male",26.7,0,0,39.6,"C","Mr.","U","adult",1
1197,NA,"1","female",64,1,1,26.55,"S","Mrs.","B","senior",3
712,"no","1","male",11,0,0,26.55,"S","Mr.","C","teen",1
1107,NA,"1","male",42,0,0,42.5,"S","Mr.","B","adult",1
332,"no","1","male",45.5,0,0,28.5,"S","Mr.","C","adult",1
1247,NA,"1","male",50,0,0,26,"S","Mr.","E","adult",1
537,"no","1","male",45,0,0,26.55,"S","Mr.","B","adult",1
453,"no","1","male",30,0,0,27.75,"C","Mr.","C","adult",1
920,NA,"1","male",41,0,0,30.5,"S","Mr.","A","adult",1
858,"yes","1","male",51,0,0,26.55,"S","Mr.","E","adult",1
285,"no","1","male",43.1,0,0,26,"S","Mr.","A","adult",1
84,"no","1","male",28,0,0,47.1,"S","Mr.","U","adult",1
1295,NA,"1","male",17,0,0,47.1,"S","Mr.","U","teen",1
783,"no","1","male",29,0,0,30,"S","Mr.","D","adult",1
378,"no","1","male",27,0,2,211.5,"C","Mr.","C","adult",3
966,NA,"1","female",35,0,0,211.5,"C","Miss.","C","adult",1
967,NA,"1","male",32.5,0,0,211.5,"C","Mr.","C","adult",1
1299,NA,"1","male",50,1,1,211.5,"C","Mr.","C","adult",3
1110,NA,"1","female",50,1,1,211.5,"C","Mrs.","C","adult",3
357,"yes","1","female",22,0,1,55,"S","Miss.","E","adult",2
167,"yes","1","female",38.4,0,1,55,"S","Mrs.","E","adult",2
55,"no","1","male",65,0,1,61.9792,"C","Mr.","B","senior",2
918,NA,"1","female",22,0,1,61.9792,"C","Miss.","B","adult",2
352,"no","1","male",36.5,0,0,35,"S","Mr.","C","adult",1
253,"no","1","male",62,0,0,26.55,"S","Mr.","C","senior",1
830,"yes","1","female",62,0,0,80,"S","Mrs.","B","senior",1
62,"yes","1","female",38,0,0,80,"S","Miss.","B","adult",1
436,"yes","1","female",14,1,2,120,"S","Miss.","B","teen",4
764,"yes","1","female",36,1,2,120,"S","Mrs.","B","adult",4
803,"yes","1","male",11,1,2,120,"S","Master.","B","teen",4
391,"yes","1","male",36,1,2,120,"S","Mr.","B","adult",4
186,"no","1","male",50.7,0,0,50,"S","Mr.","A","adult",1
1074,NA,"1","female",18,1,0,53.1,"S","Mrs.","D","teen",2
749,"no","1","male",19,1,0,53.1,"S","Mr.","D","teen",2
337,"no","1","male",29,1,0,66.6,"S","Mr.","C","adult",2
152,"yes","1","female",22,1,0,66.6,"S","Mrs.","C","adult",2
933,NA,"1","male",44.6,0,0,26.55,"S","Mr.","D","adult",1
1023,NA,"1","male",53,0,0,28.5,"C","Mr.","C","adult",1
1033,NA,"1","female",33,0,0,151.55,"S","Miss.","C","adult",1
298,"no","1","female",2,1,2,151.55,"S","Miss.","C","child",4
1198,NA,"1","male",30,1,2,151.55,"S","Mr.","C","adult",4
709,"yes","1","female",22,0,0,151.55,"S","Miss.","C","adult",1
499,"no","1","female",25,1,2,151.55,"S","Mrs.","C","adult",4
306,"yes","1","male",0.92,1,2,151.55,"S","Master.","C","child",4
12,"yes","1","female",58,0,0,26.55,"S","Miss.","C","adult",1
450,"yes","1","male",52,0,0,30.5,"S","Mr.","C","adult",1
493,"no","1","male",55,0,0,30.5,"S","Mr.","C","adult",1
24,"yes","1","male",28,0,0,35.5,"S","Mr.","A","adult",1
36,"no","1","male",42,1,0,52,"S","Mr.","U","adult",2
384,"yes","1","female",35,1,0,52,"S","Mrs.","U","adult",2
1215,NA,"1","male",33,0,0,26.55,"S","Mr.","U","adult",1
1040,NA,"1","male",28.4,0,0,26.55,"S","Mr.","U","adult",1
468,"no","1","male",56,0,0,26.55,"S","Mr.","U","adult",1
448,"yes","1","male",34,0,0,26.55,"S","Mr.","U","adult",1
1123,NA,"1","female",21,0,0,26.55,"S","Miss.","U","adult",1
959,NA,"1","male",47,0,0,42.4,"S","Mr.","U","adult",1
603,"no","1","male",31.5,0,0,42.4,"S","Mr.","U","adult",1
271,"no","1","male",24.9,0,0,31,"S","Mr.","U","adult",1
843,"yes","1","female",30,0,0,31,"C","Miss.","U","adult",1
695,"no","1","male",60,0,0,26.55,"S","Mr.","U","senior",1
1190,NA,"1","male",30,0,0,45.5,"S","Mr.","U","adult",1
4,"yes","1","female",35,1,0,53.1,"S","Mrs.","C","adult",2
138,"no","1","male",37,1,0,53.1,"S","Mr.","C","adult",2
608,"yes","1","male",27,0,0,30.5,"S","Mr.","U","adult",1
810,"yes","1","female",33,1,0,53.1,"S","Mrs.","E","adult",2
725,"yes","1","male",27,1,0,53.1,"S","Mr.","E","adult",2
556,"no","1","male",62,0,0,26.55,"S","Mr.","U","senior",1
42,"no","2","female",27,1,0,21,"S","Mrs.","U","adult",2
118,"no","2","male",29,1,0,21,"S","Mr.","U","adult",2
249,"yes","1","male",37,1,1,52.5542,"S","Mr.","D","adult",3
872,"yes","1","female",47,1,1,52.5542,"S","Mrs.","D","adult",3
137,"yes","1","female",19,0,2,26.2833,"S","Miss.","D","teen",3
936,NA,"1","female",45,1,0,52.5542,"S","Mrs.","D","adult",2
622,"yes","1","male",42,1,0,52.5542,"S","Mr.","D","adult",2
557,"yes","1","female",48,1,0,39.6,"C","Mrs.","A","adult",2
1256,NA,"1","female",25,1,0,55.4417,"C","Mrs.","E","adult",2
371,"yes","1","male",25,1,0,55.4417,"C","Mr.","E","adult",2
880,"yes","1","female",56,0,1,83.1583,"C","Mrs.","C","adult",2
1042,NA,"1","female",23,0,1,83.1583,"C","Mrs.","C","adult",2
311,"yes","1","female",24,0,0,83.1583,"C","Miss.","C","adult",1
572,"yes","1","female",53,2,0,51.4792,"S","Mrs.","C","adult",3
1248,NA,"1","female",59,2,0,51.4792,"S","Mrs.","C","adult",3
969,NA,"1","female",55,2,0,25.7,"S","Mrs.","C","adult",3
488,"no","1","male",58,0,0,29.7,"C","Mr.","B","adult",1
840,"yes","1","male",43.6,0,0,29.7,"C","Mr.","C","adult",1
1069,NA,"1","male",54,1,0,55.4417,"C","Mr.","C","adult",2
992,NA,"1","female",43,1,0,55.4417,"C","Mrs.","C","adult",2
940,NA,"1","female",60,0,0,76.2917,"C","Mrs.","D","senior",1
219,"yes","1","female",32,0,0,76.2917,"C","Miss.","D","adult",1
292,"yes","1","female",19,1,0,91.0792,"C","Mrs.","B","teen",2
485,"yes","1","male",25,1,0,91.0792,"C","Mr.","B","adult",2
1249,NA,"3","male",60.3,0,0,7.8792,"S","Mr.","U","senior",1
723,"no","2","male",34,0,0,13,"S","Mr.","U","adult",1
791,"no","3","male",37,0,0,7.75,"Q","Mr.","U","adult",1
1282,NA,"1","male",23,0,0,93.5,"S","Mr.","B","adult",1
1200,NA,"1","male",55,1,1,93.5,"S","Mr.","B","adult",3
821,"yes","1","female",52,1,1,93.5,"S","Mrs.","B","adult",3
521,"yes","1","female",30,0,0,93.5,"S","Miss.","B","adult",1
584,"no","1","male",36,0,0,40.125,"C","Mr.","A","adult",1
1162,NA,"1","male",46,0,0,75.2417,"C","Mr.","C","adult",1
1010,NA,"1","male",36,0,0,75.2417,"C","Mr.","C","adult",1
648,"yes","1","male",56,0,0,35.5,"C","Mr.","A","adult",1
633,"yes","1","male",32,0,0,30.5,"C","Mr.","B","adult",1
926,NA,"1","male",30,1,0,57.75,"C","Mr.","C","adult",2
1014,NA,"1","female",35,1,0,57.75,"C","Mrs.","C","adult",2
766,"yes","1","female",51,1,0,77.9583,"S","Mrs.","D","adult",2
276,"yes","1","female",63,1,0,77.9583,"S","Miss.","D","senior",2
628,"yes","1","female",21,0,0,77.9583,"S","Miss.","D","adult",1
435,"no","1","male",50,1,0,55.9,"S","Mr.","E","adult",2
578,"yes","1","female",39,1,0,55.9,"S","Mrs.","E","adult",2
1164,NA,"1","female",26,1,0,136.7792,"C","Mrs.","C","adult",2
1144,NA,"1","male",27,1,0,136.7792,"C","Mr.","C","adult",2
457,"no","1","male",65,0,0,26.55,"S","Mr.","E","senior",1
1289,NA,"1","female",48,1,1,79.2,"C","Mrs.","B","adult",3
588,"yes","1","male",60,1,1,79.2,"C","Mr.","B","senior",3
540,"yes","1","female",22,0,2,49.5,"C","Miss.","B","adult",3
1287,NA,"1","female",18,1,0,60,"S","Mrs.","C","teen",2
942,NA,"1","male",24,1,0,60,"S","Mr.","C","adult",2
986,NA,"1","male",25,0,0,26,"C","Mr.","U","adult",1
48,"yes","3","female",38.8,0,0,7.75,"Q","Miss.","U","adult",1
574,"yes","3","female",25.3,0,0,7.75,"Q","Miss.","U","adult",1
369,"yes","3","female",16.7,0,0,7.75,"Q","Miss.","U","teen",1
589,"no","3","male",22,0,0,8.05,"S","Mr.","U","adult",1
75,"yes","3","male",32,0,0,56.4958,"S","Mr.","U","adult",1
170,"no","3","male",28,0,0,56.4958,"S","Mr.","U","adult",1
827,"no","3","male",42.5,0,0,56.4958,"S","Mr.","U","adult",1
839,"yes","3","male",32,0,0,56.4958,"S","Mr.","U","adult",1
510,"yes","3","male",26,0,0,56.4958,"S","Mr.","U","adult",1
644,"yes","3","male",32.5,0,0,56.4958,"S","Mr.","U","adult",1
693,"yes","3","male",29.7,0,0,56.4958,"S","Mr.","U","adult",1
931,NA,"3","male",37.7,0,0,56.4958,"S","Mr.","U","adult",1
1263,NA,"1","female",31,0,0,134.5,"C","Miss.","E","adult",1
1134,NA,"1","male",45,1,1,134.5,"C","Mr.","E","adult",3
320,"yes","1","female",40,1,1,134.5,"C","Mrs.","E","adult",3
1088,NA,"1","male",6,0,2,134.5,"C","Master.","E","child",3
338,"yes","1","female",41,0,0,134.5,"C","Miss.","E","adult",1
741,"yes","1","male",22.4,0,0,30,"S","Mr.","D","adult",1
582,"yes","1","female",39,1,1,110.8833,"C","Mrs.","C","adult",3
307,"yes","1","female",13.3,0,0,110.8833,"C","Miss.","C","teen",1
551,"yes","1","male",17,0,2,110.8833,"C","Mr.","C","teen",3
699,"no","1","male",49,1,1,110.8833,"C","Mr.","C","adult",3
454,"yes","1","male",49,1,0,89.1042,"C","Mr.","C","adult",2
850,"yes","1","female",36.2,1,0,89.1042,"C","Mrs.","C","adult",2
1038,NA,"1","male",35.8,0,0,51.8625,"S","Mr.","E","adult",1
7,"no","1","male",54,0,0,51.8625,"S","Mr.","E","adult",1
1137,NA,"1","male",41,1,0,51.8625,"S","Mr.","D","adult",2
458,"yes","1","female",23,1,0,51.8625,"S","Mrs.","D","adult",2
797,"yes","1","female",49,0,0,25.9292,"S","Mrs.","D","adult",1
863,"yes","1","female",48,0,0,25.9292,"S","Mrs.","D","adult",1
782,"yes","1","female",17,1,0,57,"S","Mrs.","B","teen",2
691,"yes","1","male",31,1,0,57,"S","Mr.","B","adult",2
1036,NA,"1","male",42,0,0,26.55,"S","Mr.","U","adult",1
175,"no","1","male",56,0,0,30.6958,"C","Mr.","A","adult",1
1296,NA,"1","male",43,1,0,27.7208,"C","Mr.","D","adult",2
1060,NA,"1","female",61.7,0,0,27.7208,"C","Mrs.","U","senior",1
988,NA,"1","female",76,1,0,78.85,"S","Mrs.","C","senior",2
742,"no","1","male",36,1,0,78.85,"S","Mr.","C","adult",2
291,"yes","1","female",26,0,0,78.85,"S","Miss.","C","adult",1
974,NA,"1","male",49,0,0,26,"S","Mr.","U","adult",1
246,"no","1","male",44,2,0,90,"Q","Mr.","C","adult",3
413,"yes","1","female",33,1,0,90,"Q","Miss.","C","adult",2
1303,NA,"1","female",37,1,0,90,"Q","Mrs.","C","adult",2
225,"yes","1","male",38,1,0,90,"S","Mr.","C","adult",2
487,"yes","1","female",35,1,0,90,"S","Mrs.","C","adult",2
56,"yes","1","male",16.7,0,0,35.5,"S","Mr.","C","teen",1
342,"yes","1","female",24,3,2,263,"S","Miss.","C","adult",6
961,NA,"1","female",60,1,4,263,"S","Mrs.","C","senior",6
945,NA,"1","female",28,3,2,263,"S","Miss.","C","adult",6
439,"no","1","male",64,1,4,263,"S","Mr.","C","senior",6
89,"yes","1","female",23,3,2,263,"S","Miss.","C","adult",6
28,"no","1","male",19,3,2,263,"S","Mr.","C","teen",6
461,"yes","1","male",48,0,0,26.55,"S","Mr.","E","adult",1
823,"no","1","male",38,0,0,0,"S","Mr.","U","adult",1
299,"yes","1","male",44.4,0,0,30.5,"S","Mr.","C","adult",1
670,"yes","1","female",20.1,1,0,52,"S","Mrs.","C","adult",2
713,"yes","1","male",48,1,0,52,"S","Mr.","C","adult",2
427,"yes","2","female",28,1,0,26,"S","Mrs.","U","adult",2
1220,NA,"2","male",29,1,0,26,"S","Mr.","U","adult",2
1020,NA,"2","male",42,0,0,13,"S","Mr.","U","adult",1
887,"no","2","male",27,0,0,13,"S","Mr.","U","adult",1
904,NA,"1","female",23,1,0,82.2667,"S","Mrs.","B","adult",2
1179,NA,"1","male",24,1,0,82.2667,"S","Mr.","B","adult",2
1291,NA,"3","male",31,0,0,7.7333,"Q","Mr.","U","adult",1
223,"no","3","male",51,0,0,8.05,"S","Mr.","U","adult",1
563,"no","2","male",28,0,0,13.5,"S","Mr.","U","adult",1
627,"no","2","male",57,0,0,12.35,"Q","Mr.","U","adult",1
222,"no","2","male",27,0,0,13,"S","Mr.","U","adult",1
1054,NA,"2","female",26,0,0,13.5,"S","Miss.","U","adult",1
616,"yes","2","female",24,1,2,65,"S","Miss.","U","adult",4
755,"yes","2","female",48,1,2,65,"S","Mrs.","U","adult",4
1122,NA,"2","male",14,0,0,65,"S","Mr.","U","teen",1
1245,NA,"2","male",49,1,2,65,"S","Mr.","U","adult",4
1277,NA,"2","female",24,1,2,65,"S","Miss.","U","adult",4
835,"no","3","male",18,0,0,8.3,"S","Mr.","U","teen",1
707,"yes","2","female",45,0,0,13.5,"S","Mrs.","U","adult",1
304,"yes","2","female",0.17,0,0,12.35,"Q","Miss.","E","child",1
519,"yes","2","female",36,1,0,26,"S","Mrs.","U","adult",2
1082,NA,"2","male",34,1,0,26,"S","Mr.","U","adult",2
134,"yes","2","female",29,1,0,26,"S","Mrs.","U","adult",2
993,NA,"2","male",27,1,0,26,"S","Mr.","U","adult",2
345,"no","2","male",36,0,0,13,"S","Mr.","U","adult",1
149,"no","2","male",36.5,0,2,26,"S","Mr.","F","adult",3
194,"yes","2","male",3,1,1,26,"S","Master.","F","child",3
341,"yes","2","male",2,1,1,26,"S","Master.","F","child",3
184,"yes","2","male",1,2,1,39,"S","Master.","F","child",4
1070,NA,"2","female",36,0,3,39,"S","Mrs.","F","adult",4
1218,NA,"2","female",12,2,1,39,"S","Miss.","F","teen",4
619,"yes","2","female",4,2,1,39,"S","Miss.","F","child",4
260,"yes","2","female",50,0,1,26,"S","Mrs.","U","adult",2
881,"yes","2","female",25,0,1,26,"S","Mrs.","U","adult",2
444,"yes","2","female",28,0,0,13,"S","Mrs.","U","adult",1
99,"yes","2","female",34,0,1,23,"S","Mrs.","U","adult",2
652,"yes","2","female",18,0,1,23,"S","Miss.","U","teen",2
145,"no","2","male",18,0,0,11.5,"S","Mr.","U","teen",1
1072,NA,"2","male",30,0,0,13,"S","Mr.","U","adult",1
735,"no","2","male",23,0,0,13,"S","Mr.","U","adult",1
908,NA,"2","male",35,0,0,12.35,"Q","Mr.","U","adult",1
865,"no","2","male",24,0,0,13,"S","Mr.","U","adult",1
464,"no","2","male",48,0,0,13,"S","Mr.","U","adult",1
191,"yes","2","female",32,0,0,13,"S","Mrs.","U","adult",1
667,"no","2","male",25,0,0,13,"S","Mr.","U","adult",1
323,"yes","2","female",30,0,0,12.35,"Q","Miss.","U","adult",1
1085,NA,"2","male",61,0,0,12.35,"Q","Mr.","U","senior",1
229,"no","2","male",18,0,0,13,"S","Mr.","U","teen",1
866,"yes","2","female",42,0,0,13,"S","Mrs.","U","adult",1
1167,NA,"2","female",20,1,0,26,"S","Miss.","U","adult",2
729,"no","2","male",25,1,0,26,"S","Mr.","U","adult",2
1221,NA,"2","male",21,0,0,13,"S","Mr.","U","adult",1
953,NA,"2","male",32,0,0,13.5,"S","Mr.","U","adult",1
935,NA,"2","female",30,0,0,13,"S","Mrs.","U","adult",1
1056,NA,"2","male",41,0,0,13,"S","Mr.","U","adult",1
233,"no","2","male",59,0,0,13.5,"S","Mr.","U","adult",1
587,"no","2","male",47,0,0,15,"S","Mr.","U","adult",1
636,"yes","2","female",28,0,0,13,"S","Miss.","U","adult",1
1238,NA,"2","male",26,0,0,13,"S","Mr.","U","adult",1
358,"no","2","female",38,0,0,13,"S","Miss.","U","adult",1
1002,NA,"2","male",41,0,0,15.0458,"C","Mr.","U","adult",1
1193,NA,"2","male",34.8,0,0,15.0458,"C","Mr.","D","adult",1
10,"yes","2","female",14,1,0,30.0708,"C","Mrs.","U","teen",2
123,"no","2","male",32.5,1,0,30.0708,"C","Mr.","U","adult",2
581,"yes","2","female",25,1,1,30,"S","Miss.","U","adult",3
1133,NA,"2","female",45,0,2,30,"S","Mrs.","U","adult",3
289,"yes","2","male",42,0,0,13,"S","Mr.","U","adult",1
1077,NA,"2","male",40,0,0,16,"S","Mr.","U","adult",1
467,"no","2","male",17.9,0,0,0,"S","Mr.","U","teen",1
278,"no","2","male",25.4,0,0,0,"S","Mr.","U","adult",1
414,"no","2","male",40.5,0,0,0,"S","Mr.","U","adult",1
482,"no","2","male",29.6,0,0,0,"S","Mr.","U","adult",1
733,"no","2","male",29.6,0,0,0,"S","Mr.","U","adult",1
675,"no","2","male",24.3,0,0,0,"S","Mr.","U","adult",1
21,"no","2","male",35,0,0,26,"S","Mr.","U","adult",1
792,"no","2","male",16,0,0,26,"S","Mr.","U","teen",1
976,NA,"2","male",32.1,0,0,10.7083,"Q","Mr.","U","adult",1
894,NA,"2","male",62,0,0,9.6875,"Q","Mr.","U","senior",1
905,NA,"2","male",63,1,0,26,"S","Mr.","U","senior",2
1105,NA,"2","female",60,1,0,26,"S","Mrs.","U","senior",2
400,"yes","2","female",28,0,0,12.65,"S","Mrs.","U","adult",1
1216,NA,"1","female",39,0,0,211.3375,"S","Miss.","B","adult",1
731,"yes","1","female",29,0,0,211.3375,"S","Miss.","B","adult",1
780,"yes","1","female",43,0,1,211.3375,"S","Mrs.","B","adult",2
690,"yes","1","female",15,0,1,211.3375,"S","Miss.","B","teen",2
1121,NA,"2","male",36,0,0,13,"S","Mr.","U","adult",1
218,"no","2","male",42,1,0,27,"S","Mr.","U","adult",2
601,"yes","2","female",24,2,1,27,"S","Mrs.","U","adult",4
577,"yes","2","female",34,0,0,13,"S","Miss.","U","adult",1
250,"no","2","male",54,1,0,26,"S","Mr.","U","adult",2
855,"no","2","female",44,1,0,26,"S","Mrs.","U","adult",2
674,"yes","2","male",31,0,0,13,"S","Mr.","U","adult",1
399,"no","2","male",23,0,0,10.5,"S","Mr.","U","adult",1
150,"no","2","male",42,0,0,13,"S","Mr.","U","adult",1
1279,NA,"2","male",57,0,0,13,"S","Mr.","U","adult",1
552,"no","2","male",27,0,0,26,"S","Mr.","U","adult",1
1035,NA,"2","male",28,0,0,26,"S","Mr.","U","adult",1
1228,NA,"2","male",32,0,0,13,"S","Mr.","U","adult",1
344,"no","2","male",25,0,0,13,"S","Mr.","U","adult",1
100,"no","2","male",34,1,0,26,"S","Mr.","U","adult",2
317,"yes","2","female",24,1,0,26,"S","Mrs.","U","adult",2
1214,NA,"2","male",26,0,0,13,"S","Mr.","F","adult",1
18,"yes","2","male",16.6,0,0,13,"S","Mr.","U","teen",1
1029,NA,"2","male",26,0,0,13,"S","Mr.","U","adult",1
22,"yes","2","male",34,0,0,13,"S","Mr.","D","adult",1
16,"yes","2","female",55,0,0,16,"S","Mrs.","U","adult",1
809,"no","2","male",39,0,0,13,"S","Mr.","U","adult",1
1240,NA,"2","male",24,0,0,13.5,"S","Mr.","U","adult",1
721,"yes","2","female",6,0,1,33,"S","Miss.","U","child",2
849,"no","2","male",28,0,1,33,"S","Mr.","U","adult",2
597,"yes","2","female",19.8,0,0,33,"S","Miss.","U","teen",1
696,"no","2","male",52,0,0,13.5,"S","Mr.","U","adult",1
346,"yes","2","female",24,0,0,13,"S","Miss.","F","adult",1
1001,NA,"2","male",18.5,0,0,13,"S","Mr.","F","teen",1
79,"yes","2","male",0.83,0,2,29,"S","Master.","U","child",3
324,"yes","2","female",22,1,1,29,"S","Mrs.","U","adult",3
899,NA,"2","male",26,1,1,29,"S","Mr.","U","adult",3
343,"no","2","male",28,0,0,13,"S","Mr.","U","adult",1
970,NA,"2","male",30,0,0,13,"S","Mr.","U","adult",1
1265,NA,"2","male",44,0,0,13,"S","Mr.","U","adult",1
200,"no","2","female",24,0,0,13,"S","Miss.","U","adult",1
724,"no","2","male",50,0,0,13,"S","Mr.","U","adult",1
273,"yes","2","female",41,0,1,19.5,"S","Mrs.","U","adult",2
447,"yes","2","female",13,0,1,19.5,"S","Miss.","U","teen",2
214,"no","2","male",30,0,0,13,"S","Mr.","U","adult",1
801,"no","2","male",34,0,0,13,"S","Mr.","U","adult",1
715,"no","2","male",52,0,0,13,"S","Mr.","U","adult",1
748,"yes","2","female",30,0,0,13,"S","Miss.","U","adult",1
248,"yes","2","female",24,0,2,14.5,"S","Mrs.","U","adult",3
756,"yes","2","male",0.67,1,1,14.5,"S","Master.","U","child",3
1130,NA,"2","female",18,1,1,13,"S","Miss.","U","teen",3
313,"no","2","female",26,1,1,26,"S","Mrs.","U","adult",3
1041,NA,"2","male",30,1,1,26,"S","Mr.","U","adult",3
418,"yes","2","female",18,0,2,13,"S","Miss.","U","teen",3
179,"no","2","male",30,0,0,13,"S","Mr.","U","adult",1
706,"no","2","male",39,0,0,26,"S","Mr.","U","adult",1
428,"yes","2","female",19,0,0,26,"S","Miss.","U","teen",1
960,NA,"1","male",31,0,0,28.5375,"C","Mr.","C","adult",1
554,"yes","3","male",22,0,0,7.225,"C","Mr.","U","adult",1
1025,NA,"3","male",33.3,1,0,6.4375,"C","Mr.","U","adult",2
1231,NA,"3","male",2.7,0,0,7.2292,"C","Master.","U","child",1
662,"no","3","male",40,0,0,7.225,"C","Mr.","U","adult",1
523,"no","3","male",35.3,0,0,7.225,"C","Mr.","U","adult",1
804,"yes","3","male",0.42,0,1,8.5167,"C","Master.","U","child",2
996,NA,"3","female",16,1,1,8.5167,"C","Mrs.","U","teen",3
368,"yes","3","female",26.6,0,0,7.2292,"C","Mrs.","U","adult",1
115,"no","3","female",17,0,0,14.4583,"C","Miss.","U","teen",1
496,"no","3","male",49.1,0,0,14.4583,"C","Mr.","U","adult",1
204,"no","3","male",45.5,0,0,7.225,"C","Mr.","U","adult",1
860,"no","3","male",21.7,0,0,7.2292,"C","Mr.","U","adult",1
27,"no","3","male",43.2,0,0,7.225,"C","Mr.","U","adult",1
531,"yes","2","female",2,1,1,26,"S","Miss.","U","child",3
1095,NA,"2","female",8,1,1,26,"S","Miss.","U","child",3
507,"yes","2","female",33,0,2,26,"S","Mrs.","U","adult",3
532,"no","3","male",39,0,0,7.2292,"C","Mr.","U","adult",1
355,"no","3","male",33.7,0,0,7.225,"C","Mr.","U","adult",1
379,"no","3","male",20,0,0,4.0125,"C","Mr.","U","adult",1
20,"yes","3","female",46.7,0,0,7.225,"C","Mrs.","U","adult",1
256,"yes","3","female",29,0,2,15.2458,"C","Mrs.","U","adult",3
1053,NA,"3","male",7,1,1,15.2458,"C","Master.","U","child",3
1175,NA,"3","female",9,1,1,15.2458,"C","Miss.","U","child",3
40,"yes","3","female",14,1,0,11.2417,"C","Miss.","U","teen",2
126,"yes","3","male",12,1,0,11.2417,"C","Master.","U","teen",2
1184,NA,"3","male",11,0,0,7.2292,"C","Mr.","U","teen",1
623,"yes","3","male",20,1,1,15.7417,"C","Mr.","U","adult",3
382,"yes","3","female",1,0,2,15.7417,"C","Miss.","U","child",3
1225,NA,"3","female",19,1,1,15.7417,"C","Mrs.","U","teen",3
1213,NA,"3","male",25,0,0,7.2292,"C","Mr.","F","adult",1
1180,NA,"3","male",11,0,0,7.2292,"C","Mr.","F","teen",1
1028,NA,"3","male",26.5,0,0,7.225,"C","Mr.","U","adult",1
900,NA,"3","female",18,0,0,7.2292,"C","Mrs.","U","teen",1
1203,NA,"3","male",22,0,0,7.225,"C","Mr.","U","adult",1
831,"yes","3","female",15,1,0,14.4542,"C","Mrs.","U","teen",2
621,"no","3","male",27,1,0,14.4542,"C","Mr.","U","adult",2
1141,NA,"3","female",16.6,1,0,14.4542,"C","Mrs.","U","teen",2
977,NA,"3","male",48.4,1,0,14.4542,"C","Mr.","U","adult",2
66,"yes","3","male",8.1,1,1,15.2458,"C","Master.","U","child",3
710,"yes","3","male",0.8,1,1,15.2458,"C","Master.","U","child",3
1117,NA,"3","female",14.1,0,2,15.2458,"C","Mrs.","U","teen",3
49,"no","3","male",50.4,2,0,21.6792,"C","Mr.","U","adult",3
1189,NA,"3","male",34.5,2,0,21.6792,"C","Mr.","U","adult",3
921,NA,"3","male",21.5,2,0,21.6792,"C","Mr.","U","adult",3
763,"yes","3","male",20,0,0,7.2292,"C","Mr.","U","adult",1
599,"no","3","male",39,0,0,7.225,"C","Mr.","U","adult",1
112,"no","3","female",14.5,1,0,14.4542,"C","Miss.","U","teen",2
241,"no","3","female",23.4,1,0,14.4542,"C","Miss.","U","adult",2
449,"yes","3","female",5,2,1,19.2583,"C","Miss.","U","child",4
470,"yes","3","female",0.75,2,1,19.2583,"C","Miss.","U","child",4
645,"yes","3","female",0.75,2,1,19.2583,"C","Miss.","U","child",4
859,"yes","3","female",24,0,3,19.2583,"C","Mrs.","U","adult",4
876,"yes","3","female",15,0,0,7.225,"C","Miss.","U","teen",1
1309,NA,"3","male",9.8,1,1,22.3583,"C","Master.","F","child",3
534,"yes","3","female",63.5,0,2,22.3583,"C","Mrs.","F","senior",3
129,"yes","3","female",22.7,1,1,22.3583,"C","Miss.","F","adult",3
61,"no","3","male",22,0,0,7.2292,"C","Mr.","U","adult",1
1063,NA,"3","male",27,0,0,7.225,"C","Mr.","U","adult",1
237,"no","2","male",44,1,0,26,"S","Mr.","U","adult",2
1140,NA,"2","female",29,1,0,26,"S","Mrs.","U","adult",2
833,"no","3","male",28.1,0,0,7.2292,"C","Mr.","U","adult",1
694,"no","3","male",25,0,0,7.225,"C","Mr.","U","adult",1
1065,NA,"3","male",30,0,0,7.2292,"C","Mr.","U","adult",1
774,"no","3","male",46.3,0,0,7.225,"C","Mr.","U","adult",1
1229,NA,"3","male",39,0,2,7.2292,"C","Mr.","U","adult",3
1166,NA,"3","male",27.5,0,0,7.225,"C","Mr.","U","adult",1
37,"yes","3","male",43.5,0,0,7.2292,"C","Mr.","U","adult",1
141,"no","3","female",25.9,0,2,15.2458,"C","Mrs.","U","adult",3
853,"no","3","female",9,1,1,15.2458,"C","Miss.","U","child",3
972,NA,"3","male",6,1,1,15.2458,"C","Master.","U","child",3
1129,NA,"3","male",20,0,0,7.225,"C","Mr.","U","adult",1
74,"no","3","male",26,1,0,14.4542,"C","Mr.","U","adult",2
1007,NA,"3","male",18,1,0,14.4542,"C","Mr.","U","teen",2
1008,NA,"3","male",34.5,0,0,6.4375,"C","Mr.","U","adult",1
927,NA,"3","male",18.5,0,0,7.2292,"C","Mr.","U","teen",1
844,"no","3","male",34.5,0,0,6.4375,"C","Mr.","U","adult",1
1224,NA,"3","male",26.3,0,0,7.225,"C","Mr.","U","adult",1
799,"no","3","male",30,0,0,7.2292,"C","Mr.","U","adult",1
569,"no","3","male",26.3,0,0,7.2292,"C","Mr.","U","adult",1
781,"yes","3","female",13,0,0,7.2292,"C","Miss.","U","teen",1
1239,NA,"3","female",38,0,0,7.2292,"C","Mrs.","U","adult",1
579,"no","3","female",23.5,1,0,14.4583,"C","Mrs.","U","adult",2
1258,NA,"3","male",33.8,1,0,14.4583,"C","Mr.","U","adult",2
533,"no","3","male",17,1,1,7.2292,"C","Mr.","U","teen",3
363,"no","3","female",45,0,1,14.4542,"C","Mrs.","U","adult",2
703,"no","3","female",18,0,1,14.4542,"C","Miss.","U","teen",2
909,NA,"3","male",21,0,0,7.225,"C","Mr.","U","adult",1
297,"no","3","male",23.5,0,0,7.2292,"C","Mr.","U","adult",1
245,"no","3","male",30,0,0,7.225,"C","Mr.","U","adult",1
353,"no","3","male",15,1,1,7.2292,"C","Mr.","U","teen",3
911,NA,"3","female",45,0,0,7.225,"C","Mrs.","U","adult",1
58,"no","3","male",28.5,0,0,7.2292,"C","Mr.","U","adult",1
919,NA,"3","male",22.5,0,0,7.225,"C","Mr.","U","adult",1
208,"yes","3","male",26,0,0,18.7875,"C","Mr.","U","adult",1
732,"no","3","male",11,0,0,18.7875,"C","Mr.","U","teen",1
525,"no","3","male",22,0,0,7.2292,"C","Mr.","U","adult",1
631,"yes","1","male",80,0,0,30,"S","Mr.","A","senior",1
124,"yes","2","female",32.5,0,0,13,"S","Miss.","E","adult",1
388,"yes","2","female",36,0,0,13,"S","Miss.","U","adult",1
1209,NA,"2","male",19,0,0,10.5,"S","Mr.","U","teen",1
1099,NA,"2","male",24,0,0,10.5,"S","Mr.","U","adult",1
1262,NA,"2","male",21,1,0,11.5,"S","Mr.","U","adult",2
862,"no","2","male",21,1,0,11.5,"S","Mr.","U","adult",2
813,"no","2","male",35,0,0,10.5,"S","Mr.","U","adult",1
796,"no","2","male",39,0,0,13,"S","Mr.","U","adult",1
417,"yes","2","female",34,1,1,32.5,"S","Mrs.","U","adult",3
1086,NA,"2","male",8,0,2,32.5,"S","Master.","U","child",3
1139,NA,"2","male",42,1,1,32.5,"S","Mr.","U","adult",3
1081,NA,"2","male",40,0,0,13,"S","Mr.","U","adult",1
419,"no","2","male",30,0,0,13,"S","Mr.","U","adult",1
583,"no","2","male",54,0,0,26,"S","Mr.","U","adult",1
398,"no","2","male",46,0,0,26,"S","Mr.","U","adult",1
1150,NA,"2","female",19,0,0,13,"S","Miss.","U","teen",1
192,"no","2","male",19,0,0,13,"S","Mr.","U","teen",1
734,"no","2","male",23,0,0,13,"S","Mr.","U","adult",1
328,"yes","2","female",36,0,0,13,"S","Mrs.","D","adult",1
406,"no","2","male",34,1,0,21,"S","Mr.","U","adult",2
1293,NA,"2","male",38,1,0,21,"S","Mr.","U","adult",2
239,"no","2","male",19,0,0,10.5,"S","Mr.","U","teen",1
1298,NA,"2","male",23,1,0,10.5,"S","Mr.","U","adult",2
318,"no","2","male",54,0,0,14,"S","Mr.","U","adult",1
544,"yes","2","male",32,1,0,26,"S","Mr.","U","adult",2
547,"yes","2","female",19,1,0,26,"S","Mrs.","U","teen",2
1154,NA,"2","female",29,0,2,23,"S","Mrs.","U","adult",3
981,NA,"2","male",2,1,1,23,"S","Master.","U","child",3
751,"yes","2","female",4,1,1,23,"S","Miss.","U","child",3
530,"no","2","male",23,2,1,11.5,"S","Mr.","U","adult",4
944,NA,"2","female",20,2,1,23,"S","Miss.","U","adult",4
775,"yes","2","female",54,1,3,23,"S","Mrs.","U","adult",5
408,"yes","2","male",3,1,1,18.75,"S","Master.","U","child",3
438,"yes","2","female",24,2,3,18.75,"S","Mrs.","U","adult",6
832,"yes","2","male",0.83,1,1,18.75,"S","Master.","U","child",3
1269,NA,"2","male",21,0,0,11.5,"S","Mr.","U","adult",1
758,"no","2","male",18,0,0,11.5,"S","Mr.","U","teen",1
54,"yes","2","female",29,1,0,26,"S","Mrs.","U","adult",2
1169,NA,"2","male",40,1,0,26,"S","Mr.","U","adult",2
671,"yes","2","female",40,1,1,39,"S","Mrs.","U","adult",3
685,"no","2","male",60,1,1,39,"S","Mr.","U","senior",3
1067,NA,"2","female",15,0,2,39,"S","Miss.","U","teen",3
659,"no","2","male",23,0,0,13,"S","Mr.","U","adult",1
203,"no","3","male",34,0,0,6.4958,"S","Mr.","U","adult",1
787,"yes","3","female",18,0,0,7.4958,"S","Miss.","U","teen",1
1124,NA,"3","male",21,1,0,6.4958,"S","Mr.","U","adult",2
372,"no","3","male",18,1,0,6.4958,"S","Mr.","U","teen",2
105,"no","3","male",37,2,0,7.925,"S","Mr.","U","adult",3
393,"no","3","male",28,2,0,7.925,"S","Mr.","U","adult",3
86,"yes","3","female",33,3,0,15.85,"S","Mrs.","U","adult",4
207,"no","3","male",32,1,0,15.85,"S","Mr.","U","adult",2
69,"yes","3","female",17,4,2,7.925,"S","Miss.","U","teen",7
51,"no","3","male",7,4,1,39.6875,"S","Master.","U","child",6
825,"no","3","male",2,4,1,39.6875,"S","Master.","U","child",6
165,"no","3","male",1,4,1,39.6875,"S","Master.","U","child",6
267,"no","3","male",16,4,1,39.6875,"S","Mr.","U","teen",6
639,"no","3","female",41,0,5,39.6875,"S","Mrs.","U","adult",6
687,"no","3","male",14,4,1,39.6875,"S","Mr.","U","teen",6
1259,NA,"3","female",22,0,0,39.6875,"S","Miss.","U","adult",1
529,"no","3","male",39,0,0,7.925,"S","Mr.","U","adult",1
964,NA,"3","female",29,0,0,7.925,"S","Miss.","U","adult",1
480,"yes","3","female",2,0,1,12.2875,"S","Miss.","U","child",2
896,NA,"3","female",22,1,1,12.2875,"S","Mrs.","U","adult",3
477,"no","2","male",34,1,0,21,"S","Mr.","U","adult",2
727,"yes","2","female",30,3,0,21,"S","Mrs.","U","adult",4
620,"no","2","male",26,0,0,10.5,"S","Mr.","U","adult",1
108,"yes","3","male",21.7,0,0,7.775,"S","Mr.","U","adult",1
409,"no","3","male",21,0,0,7.775,"S","Mr.","U","adult",1
668,"no","3","male",43.8,0,0,7.775,"S","Mr.","U","adult",1
347,"yes","2","female",40,0,0,13,"S","Miss.","U","adult",1
159,"no","3","male",45.6,0,0,8.6625,"S","Mr.","U","adult",1
423,"no","3","male",29,0,0,7.875,"S","Mr.","U","adult",1
1255,NA,"3","male",27,0,0,8.6625,"S","Mr.","U","adult",1
535,"no","3","female",30,0,0,8.6625,"S","Miss.","U","adult",1
1172,NA,"3","female",23,0,0,8.6625,"S","Miss.","U","adult",1
501,"no","3","male",17,0,0,8.6625,"S","Mr.","U","teen",1
929,NA,"3","female",21,0,0,8.6625,"S","Miss.","U","adult",1
350,"no","3","male",42,0,0,8.6625,"S","Mr.","U","adult",1
472,"no","3","male",38,0,0,8.6625,"S","Mr.","U","adult",1
845,"no","3","male",17,0,0,8.6625,"S","Mr.","U","teen",1
1202,NA,"3","male",18,0,0,8.6625,"S","Mr.","U","teen",1
1195,NA,"3","male",24,0,0,8.6625,"S","Mr.","U","adult",1
164,"no","3","male",17,0,0,8.6625,"S","Mr.","U","teen",1
726,"no","3","male",20,0,0,8.6625,"S","Mr.","U","adult",1
1161,NA,"3","male",17,0,0,8.6625,"S","Mr.","U","teen",1
405,"no","3","female",20,0,0,8.6625,"S","Miss.","U","adult",1
837,"no","3","male",21,0,0,8.6625,"S","Mr.","U","adult",1
822,"yes","3","male",27,0,0,8.6625,"S","Mr.","U","adult",1
70,"no","3","male",26,2,0,8.6625,"S","Mr.","U","adult",3
1268,NA,"3","female",22,2,0,8.6625,"S","Miss.","U","adult",3
185,"yes","3","female",4,0,2,22.025,"S","Miss.","U","child",3
1286,NA,"3","male",29,3,1,22.025,"S","Mr.","U","adult",5
1057,NA,"3","female",26,1,1,22.025,"S","Mrs.","U","adult",3
895,NA,"3","male",27,0,0,8.6625,"S","Mr.","U","adult",1
1111,NA,"3","male",27,0,0,8.05,"S","Mr.","U","adult",1
471,"no","3","male",27.2,0,0,7.25,"S","Mr.","U","adult",1
373,"no","3","male",19,0,0,8.05,"S","Mr.","U","teen",1
113,"no","3","male",22,0,0,8.05,"S","Mr.","U","adult",1
1005,NA,"3","female",18.5,0,0,7.2833,"Q","Miss.","U","teen",1
978,NA,"3","female",27,0,0,7.8792,"Q","Miss.","U","adult",1
6,"no","3","male",40.2,0,0,8.4583,"Q","Mr.","U","adult",1
503,"no","3","female",12.1,0,0,7.6292,"Q","Miss.","U","teen",1
1273,NA,"3","male",26,0,0,7.8792,"Q","Mr.","U","adult",1
892,NA,"3","male",34.5,0,0,7.8292,"Q","Mr.","U","adult",1
654,"yes","3","female",38.9,0,0,7.8292,"Q","Miss.","U","adult",1
998,NA,"3","male",21,0,0,7.8208,"Q","Mr.","U","adult",1
23,"yes","3","female",15,0,0,8.0292,"Q","Miss.","U","teen",1
1108,NA,"3","female",11.4,0,0,7.8792,"Q","Miss.","U","teen",1
359,"yes","3","female",35.2,0,0,7.8792,"Q","Miss.","U","adult",1
83,"yes","3","female",11,0,0,7.7875,"Q","Miss.","U","teen",1
681,"no","3","female",18.7,0,0,8.1375,"Q","Miss.","U","teen",1
45,"yes","3","female",19,0,0,7.8792,"Q","Miss.","U","teen",1
29,"yes","3","female",19.4,0,0,7.8792,"Q","Miss.","U","teen",1
958,NA,"3","female",18,0,0,7.8792,"Q","Miss.","U","teen",1
1003,NA,"3","female",10,0,0,7.7792,"Q","Miss.","U","teen",1
1125,NA,"3","male",41.7,0,0,7.8792,"Q","Mr.","U","adult",1
898,NA,"3","female",30,0,0,7.6292,"Q","Miss.","U","adult",1
553,"no","3","male",34.4,0,0,7.8292,"Q","Mr.","U","adult",1
360,"yes","3","female",20.2,0,0,7.8792,"Q","Miss.","U","adult",1
630,"no","3","male",33.4,0,0,7.7333,"Q","Mr.","U","adult",1
955,NA,"3","female",22,0,0,7.725,"Q","Miss.","U","adult",1
1300,NA,"3","female",11.8,0,0,7.7208,"Q","Miss.","U","teen",1
750,"no","3","male",31,0,0,7.75,"Q","Mr.","U","adult",1
1052,NA,"3","female",47.4,0,0,7.7333,"Q","Miss.","U","adult",1
33,"yes","3","female",26,0,0,7.75,"Q","Miss.","U","adult",1
1266,NA,"1","female",54,1,1,81.8583,"S","Mrs.","A","adult",3
1185,NA,"1","male",53,1,1,81.8583,"S","Mr.","A","adult",3
446,"yes","1","male",4,0,2,81.8583,"S","Master.","A","child",3
281,"no","3","male",65,0,0,7.75,"Q","Mr.","U","senior",1
1000,NA,"3","male",40.8,0,0,8.7125,"S","Mr.","U","adult",1
585,"no","3","male",28.4,0,0,8.7125,"C","Mr.","U","adult",1
402,"no","3","male",26,0,0,8.05,"S","Mr.","U","adult",1
718,"yes","2","female",27,0,0,10.5,"S","Miss.","E","adult",1
1021,NA,"3","male",24,0,0,8.05,"S","Mr.","U","adult",1
1113,NA,"3","male",21,0,0,8.05,"S","Mr.","U","adult",1
928,NA,"3","female",20.5,0,0,8.05,"S","Miss.","U","adult",1
677,"no","3","male",24.5,0,0,8.05,"S","Mr.","U","adult",1
416,"no","3","female",38.7,0,0,8.05,"S","Mrs.","U","adult",1
107,"yes","3","female",21,0,0,7.65,"S","Miss.","U","adult",1
1055,NA,"3","male",49.2,0,0,7,"S","Mr.","U","adult",1
90,"no","3","male",24,0,0,8.05,"S","Mr.","U","adult",1
91,"no","3","male",29,0,0,8.05,"S","Mr.","U","adult",1
327,"no","3","male",61,0,0,6.2375,"S","Mr.","U","senior",1
983,NA,"3","male",40.4,0,0,7.775,"S","Mr.","U","adult",1
1151,NA,"3","male",21,0,0,7.775,"S","Mr.","U","adult",1
560,"yes","3","female",36,1,0,17.4,"S","Mrs.","U","adult",2
1152,NA,"3","male",36.5,1,0,17.4,"S","Mr.","U","adult",2
19,"no","3","female",31,1,0,18,"S","Mrs.","U","adult",2
1037,NA,"3","male",31,3,0,18,"S","Mr.","U","adult",4
39,"no","3","female",18,2,0,18,"S","Miss.","U","teen",3
334,"no","3","male",16,2,0,18,"S","Mr.","U","teen",3
874,"no","3","male",47,0,0,9,"S","Mr.","U","adult",1
81,"no","3","male",22,0,0,9,"S","Mr.","U","adult",1
930,NA,"3","male",25,0,0,9.5,"S","Mr.","U","adult",1
442,"no","3","male",20,0,0,9.5,"S","Mr.","U","adult",1
201,"no","3","male",28,0,0,9.5,"S","Mr.","U","adult",1
1186,NA,"3","male",36,0,0,9.5,"S","Mr.","U","adult",1
420,"no","3","female",10,0,2,24.15,"S","Miss.","U","teen",3
800,"no","3","female",30,1,1,24.15,"S","Mrs.","U","adult",3
596,"no","3","male",36,1,1,24.15,"S","Mr.","U","adult",3
287,"yes","3","male",30,0,0,9.5,"S","Mr.","U","adult",1
1146,NA,"3","male",32.5,0,0,9.5,"S","Mr.","U","adult",1
869,"no","3","male",20.3,0,0,9.5,"S","Mr.","U","adult",1
283,"no","3","male",16,0,0,9.5,"S","Mr.","U","teen",1
82,"yes","3","male",29,0,0,9.5,"S","Mr.","U","adult",1
753,"no","3","male",33,0,0,9.5,"S","Mr.","U","adult",1
771,"no","3","male",24,0,0,9.5,"S","Mr.","U","adult",1
356,"no","3","male",28,0,0,9.5,"S","Mr.","U","adult",1
478,"no","3","male",29,1,0,7.0458,"S","Mr.","U","adult",2
1135,NA,"3","male",27.5,0,0,7.8875,"S","Mr.","U","adult",1
252,"no","3","female",29,1,1,10.4625,"S","Mrs.","G","adult",3
206,"no","3","female",2,0,1,10.4625,"S","Miss.","G","child",2
852,"no","3","male",74,0,0,7.775,"S","Mr.","U","senior",1
130,"no","3","male",45,0,0,6.975,"S","Mr.","U","adult",1
720,"no","3","male",33,0,0,7.775,"S","Mr.","U","adult",1
806,"no","3","male",31,0,0,7.775,"S","Mr.","U","adult",1
407,"no","3","male",51,0,0,7.75,"S","Mr.","U","adult",1
1290,NA,"3","male",22,0,0,7.775,"S","Mr.","U","adult",1
1089,NA,"3","female",18,0,0,7.775,"S","Miss.","U","teen",1
232,"no","3","male",29,0,0,7.775,"S","Mr.","U","adult",1
163,"no","3","male",26,0,0,7.775,"S","Mr.","U","adult",1
380,"no","3","male",19,0,0,7.775,"S","Mr.","U","teen",1
995,NA,"3","male",26,0,0,7.775,"S","Mr.","U","adult",1
247,"no","3","female",25,0,0,7.775,"S","Miss.","U","adult",1
1064,NA,"3","male",23,1,0,13.9,"S","Mr.","U","adult",2
982,NA,"3","female",22,1,0,13.9,"S","Mrs.","U","adult",2
277,"no","3","female",45,0,0,7.75,"S","Miss.","U","adult",1
765,"no","3","male",16,0,0,7.775,"S","Mr.","U","teen",1
1212,NA,"3","male",26,0,0,7.775,"S","Mr.","U","adult",1
443,"no","3","male",25,1,0,7.775,"S","Mr.","U","adult",2
26,"yes","3","female",38,1,5,31.3875,"S","Mrs.","U","adult",7
183,"no","3","male",9,4,2,31.3875,"S","Master.","U","child",7
234,"yes","3","female",5,4,2,31.3875,"S","Miss.","U","child",7
262,"yes","3","male",3,4,2,31.3875,"S","Master.","U","child",7
1066,NA,"3","male",40,1,5,31.3875,"S","Mr.","U","adult",7
1046,NA,"3","male",13,4,2,31.3875,"S","Master.","U","teen",7
1271,NA,"3","male",5,4,2,31.3875,"S","Master.","U","child",7
776,"no","3","male",18,0,0,7.75,"S","Mr.","U","teen",1
1192,NA,"3","male",32,0,0,7.775,"S","Mr.","U","adult",1
617,"no","3","male",34,1,1,14.4,"S","Mr.","U","adult",3
424,"no","3","female",28,1,1,14.4,"S","Mrs.","U","adult",3
1093,NA,"3","male",0.33,0,2,14.4,"S","Master.","U","child",3
142,"yes","3","female",22,0,0,7.75,"S","Miss.","U","adult",1
14,"no","3","male",39,1,5,31.275,"S","Mr.","U","adult",7
120,"no","3","female",2,4,2,31.275,"S","Miss.","U","child",7
542,"no","3","female",9,4,2,31.275,"S","Miss.","U","child",7
814,"no","3","female",6,4,2,31.275,"S","Miss.","U","child",7
851,"no","3","male",4,4,2,31.275,"S","Master.","U","child",7
543,"no","3","female",11,4,2,31.275,"S","Miss.","U","teen",7
611,"no","3","female",39,1,5,31.275,"S","Mrs.","U","adult",7
268,"yes","3","male",25,1,0,7.775,"S","Mr.","U","adult",2
555,"yes","3","female",22,0,0,7.775,"S","Miss.","U","adult",1
1304,NA,"3","female",28,0,0,7.775,"S","Miss.","U","adult",1
808,"no","3","female",18,0,0,7.775,"S","Miss.","U","teen",1
64,"no","3","male",4,3,2,27.9,"S","Master.","U","child",6
168,"no","3","female",45,1,4,27.9,"S","Mrs.","U","adult",6
361,"no","3","male",40,1,4,27.9,"S","Mr.","U","adult",6
820,"no","3","male",10,3,2,27.9,"S","Master.","U","teen",6
635,"no","3","female",9,3,2,27.9,"S","Miss.","U","child",6
643,"no","3","female",2,3,2,27.9,"S","Miss.","U","child",6
805,"yes","3","male",27,0,0,6.975,"S","Mr.","U","adult",1
954,NA,"3","male",18,0,0,7.75,"S","Mr.","U","teen",1
1106,NA,"3","female",38,4,2,7.775,"S","Miss.","U","adult",7
811,"no","3","male",26,0,0,7.8875,"S","Mr.","U","adult",1
282,"no","3","male",28,0,0,7.8542,"S","Mr.","U","adult",1
1087,NA,"3","male",33,0,0,7.8542,"S","Mr.","U","adult",1
92,"no","3","male",20,0,0,7.8542,"S","Mr.","U","adult",1
1191,NA,"3","male",29,0,0,7.8542,"S","Mr.","U","adult",1
834,"no","3","male",23,0,0,7.8542,"S","Mr.","U","adult",1
1049,NA,"3","female",23,0,0,7.8542,"S","Miss.","U","adult",1
316,"yes","3","female",26,0,0,7.8542,"S","Miss.","U","adult",1
990,NA,"3","female",20,0,0,7.8542,"S","Miss.","U","adult",1
9,"yes","3","female",27,0,2,11.1333,"S","Mrs.","U","adult",3
173,"yes","3","female",1,1,1,11.1333,"S","Miss.","U","child",3
870,"yes","3","male",4,1,1,11.1333,"S","Master.","U","child",3
632,"no","3","male",51,0,0,7.0542,"S","Mr.","U","adult",1
700,"no","3","male",42,0,0,7.65,"S","Mr.","F","adult",1
949,NA,"3","male",25,0,0,7.65,"S","Mr.","F","adult",1
76,"no","3","male",25,0,0,7.65,"S","Mr.","F","adult",1
716,"no","3","male",19,0,0,7.65,"S","Mr.","F","teen",1
1237,NA,"3","female",16,0,0,7.65,"S","Miss.","U","teen",1
739,"no","3","male",56.4,0,0,7.8958,"S","Mr.","U","adult",1
1187,NA,"3","male",26,0,0,7.8958,"S","Mr.","U","adult",1
795,"no","3","male",25,0,0,7.8958,"S","Mr.","U","adult",1
754,"no","3","male",23,0,0,7.8958,"S","Mr.","U","adult",1
567,"no","3","male",19,0,0,7.8958,"S","Mr.","U","teen",1
288,"no","3","male",22,0,0,7.8958,"S","Mr.","U","adult",1
106,"no","3","male",28,0,0,7.8958,"S","Mr.","U","adult",1
77,"no","3","male",24.3,0,0,7.8958,"S","Mr.","U","adult",1
515,"no","3","male",24,0,0,7.4958,"S","Mr.","U","adult",1
664,"no","3","male",36,0,0,7.4958,"S","Mr.","U","adult",1
963,NA,"3","male",21,0,0,7.8958,"S","Mr.","U","adult",1
878,"no","3","male",19,0,0,7.8958,"S","Mr.","U","teen",1
848,"no","3","male",35,0,0,7.8958,"C","Mr.","U","adult",1
602,"no","3","male",41.2,0,0,7.8958,"S","Mr.","U","adult",1
102,"no","3","male",24.5,0,0,7.8958,"S","Mr.","U","adult",1
30,"no","3","male",30,0,0,7.8958,"S","Mr.","U","adult",1
879,"no","3","male",16.5,0,0,7.8958,"S","Mr.","U","teen",1
740,"no","3","male",41,0,0,7.8958,"S","Mr.","U","adult",1
322,"no","3","male",27,0,0,7.8958,"S","Mr.","U","adult",1
902,NA,"3","male",34.2,0,0,7.8958,"S","Mr.","U","adult",1
651,"no","3","male",33,0,0,7.8958,"S","Mr.","U","adult",1
411,"no","3","male",39.1,0,0,7.8958,"S","Mr.","U","adult",1
657,"no","3","male",20.6,0,0,7.8958,"S","Mr.","U","adult",1
629,"no","3","male",26,0,0,7.8958,"S","Mr.","U","adult",1
336,"no","3","male",35.2,0,0,7.8958,"S","Mr.","U","adult",1
1026,NA,"3","male",43,0,0,7.8958,"S","Mr.","U","adult",1
385,"no","3","male",33.9,0,0,7.8958,"S","Mr.","U","adult",1
688,"no","3","male",19,0,0,10.1708,"S","Mr.","U","teen",1
1226,NA,"3","male",27,0,0,7.8958,"S","Mr.","U","adult",1
948,NA,"3","male",35,0,0,7.8958,"S","Mr.","U","adult",1
647,"no","3","male",19,0,0,7.8958,"S","Mr.","U","teen",1
952,NA,"3","male",17,0,0,7.8958,"S","Mr.","U","teen",1
295,"no","3","male",24,0,0,7.8958,"S","Mr.","U","adult",1
224,"no","3","male",28.5,0,0,7.8958,"S","Mr.","U","adult",1
1157,NA,"3","male",32.9,0,0,7.8958,"S","Mr.","U","adult",1
294,"no","3","female",24,0,0,8.85,"S","Miss.","U","adult",1
50,"no","3","female",18,1,0,17.8,"S","Mrs.","U","teen",2
354,"no","3","male",25,1,0,17.8,"S","Mr.","U","adult",2
975,NA,"3","male",45.1,0,0,7.8958,"S","Mr.","U","adult",1
286,"no","3","male",33,0,0,8.6625,"C","Mr.","U","adult",1
456,"yes","3","male",29,0,0,7.8958,"C","Mr.","U","adult",1
131,"no","3","male",33,0,0,7.8958,"C","Mr.","U","adult",1
520,"no","3","male",32,0,0,7.8958,"S","Mr.","U","adult",1
314,"no","3","male",28,0,0,7.8958,"S","Mr.","U","adult",1
798,"yes","3","female",31,0,0,8.6833,"S","Mrs.","U","adult",1
101,"no","3","female",28,0,0,7.8958,"S","Miss.","U","adult",1
607,"no","3","male",30,0,0,7.8958,"S","Mr.","U","adult",1
190,"no","3","male",36,0,0,7.8958,"S","Mr.","U","adult",1
871,"no","3","male",26,0,0,7.8958,"S","Mr.","U","adult",1
109,"no","3","male",38,0,0,7.8958,"S","Mr.","U","adult",1
1101,NA,"3","male",25,0,0,7.8958,"S","Mr.","U","adult",1
562,"no","3","male",40,0,0,7.8958,"S","Mr.","U","adult",1
522,"no","3","male",22,0,0,7.8958,"S","Mr.","U","adult",1
43,"no","3","male",36.6,0,0,7.8958,"C","Mr.","U","adult",1
421,"no","3","male",36.8,0,0,7.8958,"C","Mr.","U","adult",1
1043,NA,"3","male",40.4,0,0,7.8958,"C","Mr.","U","adult",1
692,"yes","3","female",4,0,1,13.4167,"C","Miss.","U","child",2
932,NA,"3","male",39,0,1,13.4167,"C","Mr.","U","adult",2
882,"no","3","male",33,0,0,7.8958,"S","Mr.","U","adult",1
8,"no","3","male",2,3,1,21.075,"S","Master.","U","child",5
375,"no","3","female",3,3,1,21.075,"S","Miss.","U","child",5
25,"no","3","female",8,3,1,21.075,"S","Miss.","U","child",5
568,"no","3","female",29,0,4,21.075,"S","Mrs.","U","adult",5
1281,NA,"3","male",6,3,1,21.075,"S","Master.","U","child",5
606,"no","3","male",36,1,0,15.55,"S","Mr.","U","adult",2
1251,NA,"3","female",30,1,0,15.55,"S","Mrs.","U","adult",2
1278,NA,"3","male",24,0,0,7.775,"S","Mr.","U","adult",1
676,"no","3","male",18,0,0,7.775,"S","Mr.","U","teen",1
705,"no","3","male",26,1,0,7.8542,"S","Mr.","U","adult",2
861,"no","3","male",41,2,0,14.1083,"S","Mr.","U","adult",3
1201,NA,"3","female",45,1,0,14.1083,"S","Mrs.","U","adult",2
624,"no","3","male",21,0,0,7.8542,"S","Mr.","U","adult",1
987,NA,"3","male",25,0,0,7.7958,"S","Mr.","U","adult",1
392,"yes","3","male",21,0,0,7.7958,"S","Mr.","U","adult",1
500,"no","3","male",24,0,0,7.7958,"S","Mr.","U","adult",1
689,"no","3","male",18,0,0,7.7958,"S","Mr.","U","teen",1
757,"no","3","male",28,0,0,7.7958,"S","Mr.","U","adult",1
147,"yes","3","male",27,0,0,7.7958,"S","Mr.","U","adult",1
1018,NA,"3","male",22,0,0,7.7958,"S","Mr.","U","adult",1
193,"yes","3","female",19,1,0,7.8542,"S","Miss.","U","teen",2
772,"no","3","male",48,0,0,7.8542,"S","Mr.","U","adult",1
722,"no","3","male",17,1,0,7.0542,"S","Mr.","U","teen",2
641,"no","3","male",20,0,0,7.8542,"S","Mr.","U","adult",1
396,"no","3","male",22,0,0,7.7958,"S","Mr.","U","adult",1
1115,NA,"3","male",21,0,0,7.7958,"S","Mr.","U","adult",1
1118,NA,"3","male",23,0,0,7.7958,"S","Mr.","U","adult",1
479,"no","3","male",22,0,0,7.5208,"S","Mr.","U","adult",1
1233,NA,"3","male",32,0,0,7.5792,"S","Mr.","U","adult",1
176,"no","3","male",18,1,1,7.8542,"S","Mr.","U","teen",3
1155,NA,"3","female",1,1,1,12.1833,"S","Miss.","U","child",3
1045,NA,"3","female",36,0,2,12.1833,"S","Mrs.","U","adult",3
15,"no","3","female",14,0,0,7.8542,"S","Miss.","U","teen",1
397,"no","3","female",31,0,0,7.8542,"S","Miss.","U","adult",1
1210,NA,"3","male",27,0,0,7.8542,"S","Mr.","U","adult",1
1027,NA,"3","male",24,0,0,7.8542,"S","Mr.","U","adult",1
1153,NA,"3","male",21,0,0,7.8542,"S","Mr.","U","adult",1
1127,NA,"3","male",20,0,0,7.8542,"S","Mr.","U","adult",1
570,"yes","3","male",32,0,0,7.8542,"S","Mr.","U","adult",1
394,"yes","1","female",23,1,0,113.275,"C","Miss.","D","adult",2
216,"yes","1","female",31,1,0,113.275,"C","Miss.","D","adult",2
660,"no","1","male",58,0,2,113.275,"C","Mr.","D","adult",3
125,"no","1","male",54,0,1,77.2875,"S","Mr.","D","adult",2
103,"no","1","male",21,0,1,77.2875,"S","Mr.","D","adult",2
157,"yes","3","female",16,0,0,7.7333,"Q","Miss.","U","teen",1
698,"yes","3","female",23,0,0,7.7333,"Q","Miss.","U","adult",1
576,"no","3","male",19,0,0,14.5,"S","Mr.","U","teen",1
761,"no","3","male",27.4,0,0,14.5,"S","Mr.","U","adult",1
968,NA,"3","male",15,0,0,8.05,"S","Mr.","U","teen",1
1308,NA,"3","male",34.4,0,0,8.05,"S","Mr.","U","adult",1
469,"no","3","male",51.7,0,0,7.725,"Q","Mr.","U","adult",1
251,"no","3","male",22.8,0,0,7.25,"S","Mr.","U","adult",1
893,NA,"3","female",47,1,0,7,"S","Mrs.","U","adult",2
166,"yes","3","male",9,0,2,20.525,"S","Master.","U","child",3
329,"yes","3","female",31,1,1,20.525,"S","Mrs.","U","adult",3
549,"no","3","male",33,1,1,20.525,"S","Mr.","U","adult",3
759,"no","3","male",34,0,0,8.05,"S","Mr.","U","adult",1
697,"no","3","male",44,0,0,8.05,"S","Mr.","U","adult",1
1149,NA,"3","male",28,0,0,8.05,"S","Mr.","U","adult",1
539,"no","3","male",32.4,0,0,14.5,"S","Mr.","U","adult",1
1274,NA,"3","female",43.5,0,0,14.5,"S","Mrs.","U","adult",1
815,"no","3","male",30.5,0,0,8.05,"S","Mr.","U","adult",1
95,"no","3","male",59,0,0,7.25,"S","Mr.","U","adult",1
462,"no","3","male",34,0,0,8.05,"S","Mr.","U","adult",1
604,"no","3","male",44,0,0,8.05,"S","Mr.","U","adult",1
615,"no","3","male",35,0,0,8.05,"S","Mr.","U","adult",1
80,"yes","3","female",30,0,0,12.475,"S","Miss.","U","adult",1
778,"yes","3","female",5,0,0,12.475,"S","Miss.","U","child",1
502,"no","3","female",21,0,0,7.75,"Q","Miss.","U","adult",1
594,"no","3","female",6.2,0,2,7.75,"Q","Miss.","U","child",3
189,"no","3","male",40,1,1,15.5,"Q","Mr.","U","adult",3
658,"no","3","female",32,1,1,15.5,"Q","Mrs.","U","adult",3
768,"no","3","female",30.5,0,0,7.75,"Q","Miss.","U","adult",1
429,"no","3","male",43.8,0,0,7.75,"Q","Mr.","U","adult",1
980,NA,"3","female",28,0,0,7.75,"Q","Mrs.","U","adult",1
1280,NA,"3","male",21,0,0,7.75,"Q","Mr.","U","adult",1
1174,NA,"3","female",4.8,0,0,7.75,"Q","Miss.","U","child",1
144,"no","3","male",19,0,0,6.75,"Q","Mr.","U","teen",1
655,"no","3","female",18,0,0,6.75,"Q","Miss.","U","teen",1
994,NA,"3","male",47.4,0,0,7.75,"Q","Mr.","U","adult",1
1302,NA,"3","female",11.8,0,0,7.75,"Q","Miss.","U","teen",1
719,"no","3","male",41.4,0,0,15.5,"Q","Mr.","U","adult",1
1092,NA,"3","female",27.8,0,0,15.5,"Q","Miss.","U","adult",1
1272,NA,"3","male",30.2,0,0,7.75,"Q","Mr.","U","adult",1
302,"yes","3","male",15.3,2,0,23.25,"Q","Mr.","U","teen",3
331,"yes","3","female",45,2,0,23.25,"Q","Miss.","U","adult",3
1019,NA,"3","female",14.6,2,0,23.25,"Q","Miss.","U","teen",3
1013,NA,"3","male",44.3,1,0,7.75,"Q","Mr.","U","adult",2
829,"yes","3","male",30,0,0,7.75,"Q","Mr.","U","adult",1
215,"no","3","male",33.3,1,0,7.75,"Q","Mr.","U","adult",2
242,"yes","3","female",16.1,1,0,15.5,"Q","Miss.","U","teen",2
613,"yes","3","female",23.1,1,0,15.5,"Q","Miss.","U","adult",2
209,"yes","3","female",16,0,0,7.75,"Q","Miss.","U","teen",1
526,"no","3","male",40.5,0,0,7.75,"Q","Mr.","U","adult",1
389,"no","3","male",19.4,0,0,7.7292,"Q","Mr.","U","teen",1
826,"no","3","male",44.2,0,0,6.95,"Q","Mr.","U","adult",1
1205,NA,"3","female",37,0,0,7.75,"Q","Miss.","U","adult",1
1250,NA,"3","male",36.1,0,0,7.75,"Q","Mr.","U","adult",1
1163,NA,"3","male",34.9,0,0,7.75,"Q","Mr.","U","adult",1
704,"no","3","male",25,0,0,7.7417,"Q","Mr.","U","adult",1
779,"no","3","male",24.1,0,0,7.7375,"Q","Mr.","U","adult",1
728,"yes","3","female",10.2,0,0,7.7375,"Q","Miss.","U","teen",1
971,NA,"3","female",24,0,0,7.75,"Q","Miss.","U","adult",1
197,"no","3","male",21.2,0,0,7.75,"Q","Mr.","U","adult",1
1016,NA,"3","male",24.9,0,0,7.75,"Q","Mr.","U","adult",1
1109,NA,"1","male",57,1,1,164.8667,"S","Mr.","C","adult",3
319,"yes","1","female",31,0,2,164.8667,"S","Miss.","C","adult",3
857,"yes","1","female",45,1,1,164.8667,"S","Mrs.","C","adult",3
1292,NA,"1","female",30,0,0,164.8667,"S","Miss.","C","adult",1
592,"yes","1","female",52,1,0,78.2667,"C","Mrs.","D","adult",2
497,"yes","1","female",54,1,0,78.2667,"C","Miss.","D","adult",2
626,"no","1","male",61,0,0,32.3208,"S","Mr.","D","senior",1
516,"no","1","male",47,0,0,34.0208,"S","Mr.","D","adult",1
231,"yes","1","female",35,1,0,83.475,"S","Mrs.","C","adult",2
63,"no","1","male",45,1,0,83.475,"S","Mr.","C","adult",2
1044,NA,"3","male",60.5,0,0,13.145977260274,"S","Mr.","U","senior",1
255,"no","3","female",41,0,2,20.2125,"S","Mrs.","U","adult",3
425,"no","3","male",18,1,1,20.2125,"S","Mr.","U","teen",3
1176,NA,"3","female",2,1,1,20.2125,"S","Miss.","U","child",3
187,"yes","3","female",33.1,1,0,15.5,"Q","Mrs.","U","adult",2
365,"no","3","male",58.3,1,0,15.5,"Q","Mr.","U","adult",2
1119,NA,"3","female",33.5,0,0,7.75,"Q","Miss.","U","adult",1
117,"no","3","male",70.5,0,0,7.75,"Q","Mr.","U","senior",1
199,"yes","3","female",13.3,0,0,7.75,"Q","Miss.","U","teen",1
47,"no","3","male",11,1,0,15.5,"Q","Mr.","U","teen",2
1165,NA,"3","female",26.6,1,0,15.5,"Q","Miss.","U","adult",2
127,"no","3","male",25.5,0,0,7.75,"Q","Mr.","U","adult",1
290,"yes","3","female",22,0,0,7.75,"Q","Miss.","U","adult",1
939,NA,"3","male",41.3,0,0,7.75,"Q","Mr.","U","adult",1
275,"yes","3","female",18.1,0,0,7.75,"Q","Miss.","U","teen",1
891,"no","3","male",32,0,0,7.75,"Q","Mr.","U","adult",1
614,"no","3","male",27.3,0,0,7.75,"Q","Mr.","U","adult",1
460,"no","3","male",63.1,0,0,7.75,"Q","Mr.","U","senior",1
1288,NA,"3","male",24,0,0,7.25,"Q","Mr.","U","adult",1
110,"yes","3","female",23.7,1,0,24.15,"Q","Miss.","U","adult",2
518,"no","3","male",31.9,0,0,24.15,"Q","Mr.","U","adult",1
769,"no","3","male",37,1,0,24.15,"Q","Mr.","U","adult",2
161,"no","3","male",44,0,1,16.1,"S","Mr.","U","adult",2
1017,NA,"3","female",17,0,1,16.1,"S","Miss.","U","teen",2
561,"no","3","male",30.4,0,0,7.75,"Q","Mr.","U","adult",1
5,"no","3","male",35,0,0,8.05,"S","Mr.","U","adult",1
78,"no","3","male",22.1,0,0,8.05,"S","Mr.","U","adult",1
786,"no","3","male",25,0,0,7.25,"S","Mr.","U","adult",1
96,"no","3","male",45.4,0,0,8.05,"S","Mr.","U","adult",1
985,NA,"3","male",38.9,0,0,8.05,"S","Mr.","U","adult",1
640,"no","3","male",66,1,0,16.1,"S","Mr.","U","senior",2
432,"yes","3","female",44.9,1,0,16.1,"S","Mrs.","U","adult",2
744,"no","3","male",24,1,0,16.1,"S","Mr.","U","adult",2
1275,NA,"3","female",19,1,0,16.1,"S","Mrs.","U","teen",2
265,"no","3","female",39.8,0,0,7.75,"Q","Miss.","U","adult",1
1183,NA,"3","female",30,0,0,6.95,"Q","Miss.","U","adult",1
511,"yes","3","male",29,0,0,7.75,"Q","Mr.","U","adult",1
17,"no","3","male",2,4,1,29.125,"Q","Master.","U","child",6
172,"no","3","male",4,4,1,29.125,"Q","Master.","U","child",6
279,"no","3","male",7,4,1,29.125,"Q","Master.","U","child",6
947,NA,"3","male",10,4,1,29.125,"Q","Master.","U","teen",6
788,"no","3","male",8,4,1,29.125,"Q","Master.","U","child",6
886,"no","3","female",39,0,5,29.125,"Q","Mrs.","U","adult",6
962,NA,"3","female",24,0,0,7.75,"Q","Miss.","U","adult",1
777,"no","3","male",46.2,0,0,7.75,"Q","Mr.","F","adult",1
1196,NA,"3","female",32.2,0,0,7.75,"Q","Miss.","U","adult",1
999,NA,"3","male",45,0,0,7.75,"Q","Mr.","U","adult",1
261,"no","3","male",14.6,0,0,7.75,"Q","Mr.","U","teen",1
348,"yes","3","female",18.4,1,0,16.1,"S","Mrs.","U","teen",2
950,NA,"3","male",26.3,1,0,16.1,"S","Mr.","U","adult",2
856,"yes","3","female",18,0,1,9.35,"S","Mrs.","U","teen",2
1199,NA,"3","male",0.83,0,1,9.35,"S","Master.","U","child",2
838,"no","3","male",36.9,0,0,8.05,"S","Mr.","U","adult",1
1015,NA,"3","male",28,0,0,7.25,"S","Mr.","U","adult",1
752,"yes","3","male",6,0,1,12.475,"S","Master.","E","child",2
824,"yes","3","female",27,0,1,12.475,"S","Mrs.","E","adult",2
412,"no","3","male",30.9,0,0,6.8583,"Q","Mr.","U","adult",1
177,"no","3","male",0.9,3,1,25.4667,"S","Master.","U","child",5
230,"no","3","female",31.7,3,1,25.4667,"S","Miss.","U","adult",5
410,"no","3","female",9.4,3,1,25.4667,"S","Miss.","U","child",5
486,"no","3","female",15.4,3,1,25.4667,"S","Miss.","U","teen",5
1024,NA,"3","female",39.8,0,4,25.4667,"S","Mrs.","U","adult",5
484,"yes","3","female",63,0,0,9.5875,"S","Mrs.","U","senior",1
504,"no","3","female",37,0,0,9.5875,"S","Miss.","U","adult",1
114,"no","3","female",20,1,0,9.825,"S","Miss.","U","adult",2
403,"no","3","female",21,1,0,9.825,"S","Miss.","U","adult",2
678,"yes","3","female",18,0,0,9.8417,"S","Miss.","U","teen",1
198,"no","3","male",42,0,1,8.4042,"S","Mr.","U","adult",2
625,"no","3","male",21,0,0,16.1,"S","Mr.","U","adult",1
736,"no","3","male",28.5,0,0,16.1,"S","Mr.","U","adult",1
663,"no","1","male",47,0,0,25.5875,"S","Mr.","E","adult",1
452,"no","3","male",25.5,1,0,19.9667,"S","Mr.","U","adult",2
491,"no","3","male",31.4,1,0,19.9667,"S","Mr.","U","adult",2
1091,NA,"3","female",57,0,0,8.1125,"S","Mrs.","U","adult",1
445,"yes","3","male",30.3,0,0,8.1125,"S","Mr.","U","adult",1
683,"no","3","male",20,0,0,9.225,"S","Mr.","U","adult",1
1270,NA,"1","male",55,0,0,50,"S","Mr.","C","adult",1
546,"no","1","male",64,0,0,26,"S","Mr.","U","senior",1
903,NA,"1","male",46,0,0,26,"S","Mr.","U","adult",1
873,"no","1","male",33,0,0,5,"S","Mr.","B","adult",1
1145,NA,"3","male",24,0,0,9.325,"S","Mr.","U","adult",1
351,"no","3","male",23,0,0,9.225,"S","Mr.","U","adult",1
139,"no","3","male",16,0,0,9.2167,"S","Mr.","U","teen",1
877,"no","3","male",20,0,0,9.8458,"S","Mr.","U","adult",1
897,NA,"3","male",14,0,0,9.225,"S","Mr.","U","teen",1
104,"no","3","male",33,0,0,8.6542,"S","Mr.","U","adult",1
714,"no","3","male",29,0,0,9.4833,"S","Mr.","U","adult",1
41,"no","3","female",40,1,0,9.475,"S","Mrs.","U","adult",2
1061,NA,"3","female",22,0,0,8.9625,"S","Miss.","U","adult",1
883,"no","3","female",22,0,0,10.5167,"S","Miss.","U","adult",1
475,"no","3","female",22,0,0,9.8375,"S","Miss.","U","adult",1
339,"yes","3","male",45,0,0,8.05,"S","Mr.","U","adult",1
1075,NA,"3","male",38,0,0,7.75,"Q","Mr.","U","adult",1
770,"no","3","male",32,0,0,8.3625,"S","Mr.","U","adult",1
653,"no","3","male",21,0,0,8.4333,"S","Mr.","U","adult",1
1098,NA,"3","female",35,0,0,7.75,"Q","Miss.","U","adult",1
301,"yes","3","female",20.4,0,0,7.75,"Q","Miss.","U","adult",1
1160,NA,"3","female",26.3,0,0,8.05,"S","Miss.","U","adult",1
38,"no","3","male",21,0,0,8.05,"S","Mr.","U","adult",1
590,"no","3","male",46.9,0,0,8.05,"S","Mr.","U","adult",1
991,NA,"3","male",33,0,0,8.05,"S","Mr.","U","adult",1
153,"no","3","male",55.5,0,0,8.05,"S","Mr.","U","adult",1
489,"no","3","male",30,0,0,8.05,"S","Mr.","U","adult",1
1305,NA,"3","male",36.9,0,0,8.05,"S","Mr.","U","adult",1
979,NA,"3","female",18,0,0,8.05,"S","Miss.","U","teen",1
495,"no","3","male",21,0,0,8.05,"S","Mr.","U","adult",1
901,NA,"3","male",21,2,0,24.15,"S","Mr.","U","adult",3
566,"no","3","male",24,2,0,24.15,"S","Mr.","U","adult",3
812,"no","3","male",39,0,0,24.15,"S","Mr.","U","adult",1
1079,NA,"3","male",17,2,0,8.05,"S","Mr.","U","teen",3
575,"no","3","male",16,0,0,8.05,"S","Mr.","U","teen",1
426,"no","3","male",23.4,0,0,7.25,"S","Mr.","U","adult",1
52,"no","3","male",21,0,0,7.8,"S","Mr.","U","adult",1
1181,NA,"3","male",11,0,0,8.05,"S","Mr.","U","teen",1
1,"no","3","male",22,1,0,7.25,"S","Mr.","U","adult",2
321,"no","3","male",22,0,0,7.25,"S","Mr.","U","adult",1
228,"no","3","male",20.5,0,0,7.25,"S","Mr.","U","adult",1
213,"no","3","male",22,0,0,7.25,"S","Mr.","U","adult",1
1177,NA,"3","male",36,0,0,7.25,"S","Mr.","U","adult",1
305,"no","3","male",27.5,0,0,8.05,"S","Mr.","U","adult",1
455,"no","3","male",35.9,0,0,8.05,"S","Mr.","U","adult",1
669,"no","3","male",43,0,0,8.05,"S","Mr.","U","adult",1
205,"yes","3","male",18,0,0,8.05,"S","Mr.","U","teen",1
483,"no","3","male",50,0,0,8.05,"S","Mr.","U","adult",1
593,"no","3","male",47,0,0,7.25,"S","Mr.","U","adult",1
284,"yes","3","male",19,0,0,8.05,"S","Mr.","U","teen",1
422,"no","3","male",21,0,0,7.7333,"Q","Mr.","U","adult",1
13,"no","3","male",20,0,0,8.05,"S","Mr.","U","adult",1
254,"no","3","male",30,1,0,16.1,"S","Mr.","U","adult",2
618,"no","3","female",26,1,0,16.1,"S","Mrs.","U","adult",2
133,"no","3","female",47,1,0,14.5,"S","Mrs.","U","adult",2
917,NA,"3","male",50,1,0,14.5,"S","Mr.","U","adult",2
154,"no","3","male",40.5,0,2,14.5,"S","Mr.","U","adult",3
1236,NA,"3","male",1.6,1,1,14.5,"S","Master.","U","child",3
1084,NA,"3","male",11.5,1,1,14.5,"S","Master.","U","teen",3
465,"no","3","male",31.8,0,0,8.05,"S","Mr.","U","adult",1
122,"no","3","male",37.9,0,0,8.05,"S","Mr.","U","adult",1
1207,NA,"3","female",17,0,0,7.7333,"Q","Miss.","U","teen",1
1148,NA,"3","male",38.1,0,0,7.75,"Q","Mr.","U","adult",1
913,NA,"3","male",9,0,1,3.1708,"S","Master.","U","child",2
128,"yes","3","male",24,0,0,7.1417,"S","Mr.","U","adult",1
997,NA,"3","male",28,0,0,22.525,"S","Mr.","U","adult",1
1102,NA,"3","male",32,0,0,22.525,"S","Mr.","U","adult",1
509,"no","3","male",28,0,0,22.525,"S","Mr.","U","adult",1
819,"no","3","male",43,0,0,6.45,"S","Mr.","U","adult",1
366,"no","3","male",30,0,0,7.25,"S","Mr.","U","adult",1
377,"yes","3","female",22,0,0,7.25,"S","Miss.","U","adult",1
1232,NA,"2","male",18,0,0,10.5,"S","Mr.","U","teen",1
266,"no","2","male",36,0,0,10.5,"S","Mr.","U","adult",1
440,"no","2","male",31,0,0,10.5,"S","Mr.","U","adult",1
94,"no","3","male",26,1,2,20.575,"S","Mr.","U","adult",4
924,NA,"3","female",33,1,2,20.575,"S","Mrs.","U","adult",4
789,"yes","3","male",1,1,2,20.575,"S","Master.","U","child",4
1246,NA,"3","female",0.17,1,2,20.575,"S","Miss.","U","child",4
34,"no","2","male",66,0,0,10.5,"S","Mr.","U","senior",1
673,"no","2","male",70,0,0,10.5,"S","Mr.","U","senior",1
280,"yes","3","female",35,1,1,20.25,"S","Mrs.","U","adult",3
747,"no","3","male",16,1,1,20.25,"S","Mr.","U","teen",3
1284,NA,"3","male",13,0,2,20.25,"S","Master.","U","teen",3
135,"no","2","male",25,0,0,13,"S","Mr.","U","adult",1
67,"yes","2","female",29,0,0,10.5,"S","Mrs.","F","adult",1
235,"no","2","male",24,0,0,10.5,"S","Mr.","U","adult",1
1285,NA,"2","male",47,0,0,10.5,"S","Mr.","U","adult",1
57,"yes","2","female",21,0,0,10.5,"S","Miss.","U","adult",1
923,NA,"2","male",24,2,0,31.5,"S","Mr.","U","adult",3
1230,NA,"2","male",25,0,0,31.5,"S","Mr.","U","adult",1
1211,NA,"2","male",22,2,0,31.5,"S","Mr.","U","adult",3
1090,NA,"2","male",23,0,0,10.5,"S","Mr.","U","adult",1
238,"yes","2","female",8,0,2,26.25,"S","Miss.","U","child",3
638,"no","2","male",31,1,1,26.25,"S","Mr.","U","adult",3
802,"yes","2","female",31,1,1,26.25,"S","Mrs.","U","adult",3
71,"no","2","male",32,0,0,10.5,"S","Mr.","U","adult",1
146,"no","2","male",19,1,1,36.75,"S","Mr.","U","teen",3
550,"yes","2","male",8,1,1,36.75,"S","Master.","U","child",3
1068,NA,"2","female",20,0,0,36.75,"S","Miss.","U","adult",1
1222,NA,"2","female",48,0,2,36.75,"S","Mrs.","U","adult",3
162,"yes","2","female",40,0,0,15.75,"S","Mrs.","U","adult",1
1012,NA,"2","female",12,0,0,15.75,"S","Miss.","U","teen",1
1096,NA,"2","male",25,0,0,10.5,"S","Mr.","U","adult",1
517,"yes","2","female",34,0,0,10.5,"S","Mrs.","F","adult",1
1156,NA,"2","male",30,0,0,12.7375,"C","Mr.","U","adult",1
59,"yes","2","female",5,1,2,27.75,"S","Miss.","U","child",4
451,"no","2","male",36,1,2,27.75,"S","Mr.","U","adult",4
473,"yes","2","female",33,1,2,27.75,"S","Mrs.","U","adult",4
1142,NA,"2","female",0.92,1,2,27.75,"S","Miss.","U","child",4
349,"yes","3","male",3,1,1,15.9,"S","Master.","U","child",3
490,"yes","3","male",9,1,1,15.9,"S","Master.","U","child",3
941,NA,"3","female",36,0,2,15.9,"S","Mrs.","U","adult",3
1147,NA,"3","male",23.9,0,0,7.55,"S","Mr.","U","adult",1
1159,NA,"3","male",47.5,0,0,7.55,"S","Mr.","U","adult",1
846,"no","3","male",42,0,0,7.55,"S","Mr.","U","adult",1
498,"no","3","male",39.8,0,0,15.1,"S","Mr.","U","adult",1
1120,NA,"3","male",40.5,0,0,15.1,"S","Mr.","U","adult",1
884,"no","2","male",28,0,0,10.5,"S","Mr.","U","adult",1
60,"no","3","male",11,5,2,46.9,"S","Master.","U","teen",8
72,"no","3","female",16,5,2,46.9,"S","Miss.","U","teen",8
684,"no","3","male",14,5,2,46.9,"S","Mr.","U","teen",8
387,"no","3","male",1,5,2,46.9,"S","Master.","U","child",8
481,"no","3","male",9,5,2,46.9,"S","Master.","U","child",8
1032,NA,"3","female",10,5,2,46.9,"S","Miss.","U","teen",8
679,"no","3","female",43,1,6,46.9,"S","Mrs.","U","adult",8
1031,NA,"3","male",40,1,6,46.9,"S","Mr.","U","adult",8
1254,NA,"2","female",31,0,0,21,"S","Mrs.","U","adult",1
1170,NA,"2","male",30,1,0,21,"S","Mr.","U","adult",2
650,"yes","3","female",23,0,0,7.55,"S","Miss.","U","adult",1
160,"no","3","male",4.8,8,2,69.55,"S","Master.","U","child",11
181,"no","3","female",33.5,8,2,69.55,"S","Miss.","U","adult",11
202,"no","3","male",26.5,8,2,69.55,"S","Mr.","U","adult",11
325,"no","3","male",28.1,8,2,69.55,"S","Mr.","U","adult",11
1080,NA,"3","female",25.6,8,2,69.55,"S","Miss.","U","adult",11
847,"no","3","male",38.8,8,2,69.55,"S","Mr.","U","adult",11
1252,NA,"3","male",14.5,8,2,69.55,"S","Master.","U","teen",11
864,"no","3","female",25.4,8,2,69.55,"S","Miss.","U","adult",11
793,"no","3","female",6.7,8,2,69.55,"S","Miss.","U","child",11
1234,NA,"3","male",11,1,9,69.55,"S","Mr.","U","teen",11
1257,NA,"3","female",55.1,1,9,69.55,"S","Mrs.","U","adult",11
984,NA,"1","female",27,1,2,52,"S","Mrs.","B","adult",4
672,"no","1","male",31,1,0,52,"S","Mr.","B","adult",2
1097,NA,"1","male",22.8,0,0,25.7417,"C","Mr.","U","adult",1
212,"yes","2","female",35,0,0,21,"S","Miss.","U","adult",1
1241,NA,"2","female",31,0,0,21,"S","Miss.","U","adult",1
315,"no","2","male",43,1,1,26.25,"S","Mr.","U","adult",3
441,"yes","2","female",45,1,1,26.25,"S","Mrs.","U","adult",3
536,"yes","2","female",7,0,2,26.25,"S","Miss.","U","child",3
459,"yes","2","female",50,0,0,10.5,"S","Miss.","U","adult",1
957,NA,"2","female",54.8,0,0,21,"S","Mrs.","U","adult",1
1138,NA,"2","female",22,0,0,21,"S","Mrs.","U","adult",1
1243,NA,"2","male",25,0,0,10.5,"S","Mr.","U","adult",1
155,"no","3","male",56.4,0,0,7.3125,"S","Mr.","U","adult",1
180,"no","3","male",36,0,0,0,"S","Mr.","U","adult",1
272,"yes","3","male",25,0,0,0,"S","Mr.","U","adult",1
303,"no","3","male",19,0,0,0,"S","Mr.","U","teen",1
598,"no","3","male",49,0,0,0,"S","Mr.","U","adult",1
1204,NA,"3","male",11,0,0,7.575,"S","Mr.","U","teen",1
309,"no","2","male",30,1,0,24,"C","Mr.","U","adult",2
875,"yes","2","female",28,1,0,24,"C","Mrs.","U","adult",2
169,"no","1","male",17.4,0,0,25.925,"S","Mr.","U","teen",1
513,"yes","1","male",36,0,0,26.2875,"S","Mr.","E","adult",1
573,"yes","1","male",36,0,0,26.3875,"S","Mr.","E","adult",1
702,"yes","1","male",35,0,0,26.2875,"S","Mr.","E","adult",1
708,"yes","1","male",42,0,0,26.2875,"S","Mr.","E","adult",1
370,"yes","1","female",24,0,0,69.3,"C","Mrs.","B","adult",1
642,"yes","1","female",24,0,0,69.3,"C","Miss.","B","adult",1
711,"yes","1","female",24,0,0,49.5042,"C","Miss.","C","adult",1
973,NA,"1","male",67,1,0,221.7792,"S","Mr.","C","senior",2
1048,NA,"1","female",29,0,0,221.7792,"S","Miss.","C","adult",1
1006,NA,"1","female",63,1,0,221.7792,"S","Mrs.","C","senior",2
528,"no","1","male",28.3,0,0,221.7792,"S","Mr.","C","adult",1
600,"yes","1","male",49,1,0,56.9292,"C","Mr.","A","adult",2
310,"yes","1","female",30,0,0,56.9292,"C","Miss.","E","adult",1
1004,NA,"1","female",36,0,0,31.6792,"C","Miss.","A","adult",1
1076,NA,"1","female",27,1,1,247.5208,"C","Mrs.","B","adult",3
300,"yes","1","female",50,0,1,247.5208,"C","Mrs.","B","adult",2
119,"no","1","male",24,0,1,247.5208,"C","Mr.","B","adult",2
965,NA,"1","male",28.5,0,0,27.7208,"C","Mr.","D","adult",1
196,"yes","1","female",58,0,0,146.5208,"C","Miss.","B","adult",1
32,"yes","1","female",46.7,1,0,146.5208,"C","Mrs.","B","adult",2
1208,NA,"1","male",57,1,0,146.5208,"C","Mr.","B","adult",2
682,"yes","1","male",27,0,0,76.7292,"C","Mr.","D","adult",1
646,"yes","1","male",48,1,0,76.7292,"C","Mr.","D","adult",2
53,"yes","1","female",49,1,0,76.7292,"C","Mrs.","D","adult",2
1223,NA,"1","male",39,0,0,29.7,"C","Mr.","A","adult",1
610,"yes","1","female",40,0,0,153.4625,"S","Miss.","C","adult",1
333,"no","1","male",38,0,1,153.4625,"S","Mr.","C","adult",2
269,"yes","1","female",58,0,1,153.4625,"S","Mrs.","C","adult",2
257,"yes","1","female",14,0,0,79.2,"C","Mrs.","U","teen",1
1219,NA,"1","male",46,0,0,79.2,"C","Mr.","U","adult",1
868,"no","1","male",31,0,0,50.4958,"S","Mr.","A","adult",1
1058,NA,"1","male",48,0,0,50.4958,"C","Mr.","B","adult",1
1283,NA,"1","female",51,0,1,39.4,"S","Mrs.","D","adult",2
854,"yes","1","female",16,0,1,39.4,"S","Miss.","D","teen",2
140,"no","1","male",24,0,0,79.2,"C","Mr.","B","adult",1
790,"no","1","male",46,0,0,79.2,"C","Mr.","B","adult",1
938,NA,"1","male",45,0,0,29.7,"C","Mr.","A","adult",1
178,"no","1","female",50,0,0,28.7125,"C","Miss.","C","adult",1
274,"no","1","male",37,0,1,29.7,"C","Mr.","C","adult",2
156,"no","1","male",51,0,1,61.3792,"C","Mr.","U","adult",2
915,NA,"1","male",21,0,1,61.3792,"C","Mr.","U","adult",2
914,NA,"1","female",35.7,0,0,31.6833,"S","Mrs.","U","adult",1
2,"yes","1","female",38,1,0,71.2833,"C","Mrs.","C","adult",2
1126,NA,"1","male",39,1,0,71.2833,"C","Mr.","C","adult",2
794,"no","1","male",42.6,0,0,30.6958,"C","Mr.","U","adult",1
31,"no","1","male",40,0,0,27.7208,"C","Mr.","U","adult",1
912,NA,"1","male",55,1,0,59.4,"C","Mr.","U","adult",2
514,"yes","1","female",54,1,0,59.4,"C","Mrs.","U","adult",2
376,"yes","1","female",31.8,1,0,82.1708,"C","Mrs.","U","adult",2
35,"no","1","male",28,1,0,82.1708,"C","Mr.","U","adult",2
65,"no","1","male",24.5,0,0,27.7208,"C","Mr.","U","adult",1
1116,NA,"1","female",53,0,0,27.4458,"C","Mrs.","U","adult",1
1182,NA,"1","male",45.7,0,0,39.6,"S","Mr.","U","adult",1
951,NA,"1","female",36,0,0,262.375,"C","Miss.","B","adult",1
916,NA,"1","female",48,1,3,262.375,"C","Mrs.","B","adult",5
1267,NA,"1","female",45,0,0,262.375,"C","Miss.","B","adult",1
743,"yes","1","female",21,2,2,262.375,"C","Miss.","B","adult",5
312,"yes","1","female",18,2,2,262.375,"C","Miss.","B","teen",5
956,NA,"1","male",13,2,2,262.375,"C","Master.","B","teen",5
1034,NA,"1","male",61,1,3,262.375,"C","Mr.","B","senior",5
494,"no","1","male",71,0,0,49.5042,"C","Mr.","U","senior",1
195,"yes","1","female",44,0,0,27.7208,"C","Mrs.","B","adult",1
335,"yes","1","female",38.8,1,0,133.65,"S","Mrs.","U","adult",2
661,"yes","1","male",50,2,0,133.65,"S","Mr.","U","adult",3
296,"no","1","male",28.4,0,0,27.7208,"C","Mr.","U","adult",1
1100,NA,"1","female",33,0,0,27.7208,"C","Miss.","A","adult",1
97,"no","1","male",71,0,0,34.6542,"C","Mr.","A","senior",1
1235,NA,"1","female",58,0,1,512.3292,"C","Mrs.","B","adult",2
259,"yes","1","female",35,0,0,512.3292,"C","Miss.","B","adult",1
738,"yes","1","male",35,0,0,512.3292,"C","Mr.","B","adult",1
680,"yes","1","male",36,0,1,512.3292,"C","Mr.","B","adult",2
1073,NA,"1","male",37,1,1,83.1583,"C","Mr.","E","adult",3
836,"yes","1","female",39,1,1,83.1583,"C","Miss.","E","adult",3
1071,NA,"1","female",64,0,2,83.1583,"C","Mrs.","E","senior",3
381,"yes","1","female",42,0,0,227.525,"C","Miss.","C","adult",1
717,"yes","1","female",38,0,0,227.525,"C","Miss.","C","adult",1
1094,NA,"1","male",47,1,0,227.525,"C","Mr.","C","adult",2
701,"yes","1","female",18,1,0,227.525,"C","Mrs.","C","teen",2
558,"no","1","male",28.9,0,0,227.525,"C","Mr.","C","adult",1
506,"no","1","male",18,1,0,108.9,"C","Mr.","C","teen",2
308,"yes","1","female",17,1,0,108.9,"C","Mrs.","C","teen",2
1306,NA,"1","female",39,0,0,108.9,"C","Mrs.","C","adult",1
98,"yes","1","male",23,0,1,63.3583,"C","Mr.","D","adult",2
1242,NA,"1","female",45,0,1,63.3583,"C","Mrs.","D","adult",2
1206,NA,"1","female",55,0,0,135.6333,"C","Mrs.","C","adult",1
326,"yes","1","female",36,0,0,135.6333,"C","Miss.","C","adult",1
374,"no","1","male",22,0,0,135.6333,"C","Mr.","C","adult",1
270,"yes","1","female",35,0,0,135.6333,"S","Miss.","C","adult",1
545,"no","1","male",50,1,0,106.425,"C","Mr.","C","adult",2
538,"yes","1","female",30,0,0,106.425,"C","Miss.","C","adult",1
1131,NA,"1","female",48,1,0,106.425,"C","Mrs.","C","adult",2
226,"no","3","male",22,0,0,9.35,"S","Mr.","U","adult",1
395,"yes","3","female",24,0,2,16.7,"S","Mrs.","G","adult",3
11,"yes","3","female",4,1,1,16.7,"S","Miss.","G","child",3
1009,NA,"3","female",1,1,1,16.7,"S","Miss.","G","child",3
46,"no","3","male",18.7,0,0,8.05,"S","Mr.","U","teen",1
818,"no","2","male",31,1,1,37.0042,"C","Mr.","U","adult",3
828,"yes","2","male",1,0,2,37.0042,"C","Master.","U","child",3
1253,NA,"2","female",24,1,1,37.0042,"C","Mrs.","U","adult",3
1194,NA,"2","male",43,0,1,21,"S","Mr.","U","adult",2
1078,NA,"2","female",21,0,1,21,"S","Miss.","U","adult",2
1062,NA,"3","male",40,0,0,7.55,"S","Mr.","U","adult",1
773,"no","2","female",57,0,0,10.5,"S","Mrs.","E","adult",1
842,"no","2","male",16,0,0,10.5,"S","Mr.","E","teen",1
649,"no","3","male",11,0,0,7.55,"S","Mr.","U","teen",1
1047,NA,"3","male",24,0,0,7.55,"S","Mr.","U","adult",1
386,"no","2","male",18,0,0,73.5,"S","Mr.","U","teen",1
73,"no","2","male",21,0,0,73.5,"S","Mr.","U","adult",1
121,"no","2","male",21,2,0,73.5,"S","Mr.","U","adult",3
1244,NA,"2","male",18,0,0,73.5,"S","Mr.","U","teen",1
656,"no","2","male",24,2,0,73.5,"S","Mr.","U","adult",3
666,"no","2","male",32,2,0,73.5,"S","Mr.","U","adult",3
1104,NA,"2","male",17,0,0,73.5,"S","Mr.","U","teen",1
151,"no","2","male",51,0,0,12.525,"S","Mr.","U","adult",1
68,"no","3","male",19,0,0,8.1583,"S","Mr.","U","teen",1
571,"yes","2","male",62,0,0,10.5,"S","Mr.","U","senior",1
1168,NA,"2","male",28,0,0,10.5,"S","Mr.","U","adult",1
390,"yes","2","female",17,0,0,12,"C","Miss.","U","teen",1
946,NA,"2","male",34.9,0,0,15.5792,"C","Mr.","U","adult",1
1039,NA,"3","male",22,0,0,8.05,"S","Mr.","U","adult",1
595,"no","2","male",37,1,0,26,"S","Mr.","U","adult",2
1011,NA,"2","female",29,1,0,26,"S","Mrs.","U","adult",2
922,NA,"2","male",50,1,0,26,"S","Mr.","U","adult",2
433,"yes","2","female",42,1,0,26,"S","Mrs.","U","adult",2
474,"yes","2","female",23,0,0,13.7917,"C","Mrs.","D","adult",1
44,"yes","2","female",3,1,2,41.5792,"C","Miss.","U","child",4
609,"yes","2","female",22,1,2,41.5792,"C","Mrs.","U","adult",4
686,"no","2","male",25,1,2,41.5792,"C","Mr.","U","adult",4
1188,NA,"2","female",1,1,2,41.5792,"C","Miss.","U","child",4
182,"no","2","male",30.9,0,0,15.05,"C","Mr.","U","adult",1
136,"no","2","male",23,0,0,15.0458,"C","Mr.","U","adult",1
548,"yes","2","male",35,0,0,13.8625,"C","Mr.","U","adult",1
1261,NA,"2","male",29,0,0,13.8583,"C","Mr.","U","adult",1
1112,NA,"2","female",30,1,0,13.8583,"C","Miss.","U","adult",2
867,"yes","2","female",27,1,0,13.8583,"C","Miss.","U","adult",2
1276,NA,"2","male",19.2,0,0,12.875,"S","Mr.","U","teen",1
293,"no","2","male",36,0,0,12.875,"C","Mr.","D","adult",1
1297,NA,"2","male",20,0,0,13.8625,"C","Mr.","D","adult",1
362,"no","2","male",29,1,0,27.7208,"C","Mr.","U","adult",2
907,NA,"2","female",24,1,0,27.7208,"C","Mrs.","U","adult",2
943,NA,"2","male",27,0,0,15.0333,"C","Mr.","U","adult",1
240,"no","2","male",33,0,0,12.275,"S","Mr.","U","adult",1
85,"yes","2","female",17,0,0,10.5,"S","Miss.","U","teen",1
1307,NA,"3","male",38.5,0,0,7.25,"S","Mr.","U","adult",1
934,NA,"3","male",41,0,0,7.85,"S","Mr.","U","adult",1
612,"no","3","male",23.7,0,0,7.05,"S","Mr.","U","adult",1
466,"no","3","male",38,0,0,7.05,"S","Mr.","U","adult",1
132,"no","3","male",20,0,0,7.05,"S","Mr.","U","adult",1
1103,NA,"3","male",43.1,0,0,7.05,"S","Mr.","U","adult",1
1217,NA,"3","male",23,0,0,7.05,"S","Mr.","U","adult",1
364,"no","3","male",35,0,0,7.05,"S","Mr.","U","adult",1
211,"no","3","male",24,0,0,7.05,"S","Mr.","U","adult",1
785,"no","3","male",25,0,0,7.05,"S","Mr.","U","adult",1
1178,NA,"3","male",31.9,0,0,7.25,"S","Mr.","U","adult",1
1301,NA,"3","female",3,1,1,13.775,"S","Miss.","U","child",3
1173,NA,"3","male",0.75,1,1,13.775,"S","Master.","U","child",3
1051,NA,"3","female",26,0,2,13.775,"S","Mrs.","U","adult",3
430,"yes","3","male",32,0,0,8.05,"S","Mr.","E","adult",1
565,"no","3","female",13.9,0,0,8.05,"S","Miss.","U","teen",1
762,"no","3","male",41,0,0,7.125,"S","Mr.","U","adult",1
1143,NA,"3","male",20,0,0,7.925,"S","Mr.","U","adult",1
841,"no","3","male",20,0,0,7.925,"S","Mr.","U","adult",1
512,"no","3","male",30.1,0,0,8.05,"S","Mr.","U","adult",1
492,"no","3","male",21,0,0,7.25,"S","Mr.","U","adult",1
885,"no","3","male",25,0,0,7.05,"S","Mr.","U","adult",1
564,"no","3","male",53.3,0,0,8.05,"S","Mr.","U","adult",1
1030,NA,"3","female",23,0,0,8.05,"S","Miss.","U","adult",1
88,"no","3","male",31.5,0,0,8.05,"S","Mr.","U","adult",1
221,"yes","3","male",16,0,0,8.05,"S","Mr.","U","teen",1
158,"no","3","male",30,0,0,8.05,"S","Mr.","U","adult",1
989,NA,"3","male",29,0,0,7.925,"S","Mr.","U","adult",1
415,"yes","3","male",44,0,0,7.925,"S","Mr.","U","adult",1
591,"no","3","male",35,0,0,7.125,"S","Mr.","U","adult",1
434,"no","3","male",17,0,0,7.125,"S","Mr.","U","teen",1
244,"no","3","male",22,0,0,7.125,"S","Mr.","U","adult",1
174,"no","3","male",21,0,0,7.925,"S","Mr.","U","adult",1
665,"yes","3","male",20,1,0,7.925,"S","Mr.","U","adult",2
580,"yes","3","male",32,0,0,7.925,"S","Mr.","U","adult",1
745,"yes","3","male",31,0,0,7.925,"S","Mr.","U","adult",1
401,"yes","3","male",39,0,0,7.925,"S","Mr.","U","adult",1
937,NA,"3","male",25,0,0,7.925,"S","Mr.","U","adult",1
637,"no","3","male",32,0,0,7.925,"S","Mr.","U","adult",1
383,"no","3","male",32,0,0,7.925,"S","Mr.","U","adult",1
116,"no","3","male",21,0,0,7.925,"S","Mr.","U","adult",1
910,NA,"3","female",27,1,0,7.925,"S","Miss.","U","adult",2
730,"no","3","female",25,1,0,7.925,"S","Miss.","U","adult",2
143,"yes","3","female",24,1,0,15.85,"S","Mrs.","U","adult",2
404,"no","3","male",28,1,0,15.85,"S","Mr.","U","adult",2
3,"yes","3","female",26,0,0,7.925,"S","Miss.","U","adult",1
217,"yes","3","female",27,0,0,7.925,"S","Miss.","U","adult",1
817,"no","3","female",23,0,0,7.925,"S","Miss.","U","adult",1
1022,NA,"3","male",32,0,0,8.05,"S","Mr.","U","adult",1
227,"yes","2","male",19,0,0,10.5,"S","Mr.","U","teen",1
527,"yes","2","female",50,0,0,10.5,"S","Miss.","U","adult",1
1171,NA,"2","male",22,0,0,10.5,"S","Mr.","U","adult",1
243,"no","2","male",29,0,0,10.5,"S","Mr.","U","adult",1
1114,NA,"2","female",22,0,0,10.5,"S","Mrs.","F","adult",1
784,"no","3","male",38.3,1,2,23.45,"S","Mr.","U","adult",4
889,"no","3","female",55.1,1,2,23.45,"S","Miss.","U","adult",4
925,NA,"3","female",41,1,2,23.45,"S","Mrs.","U","adult",4
1136,NA,"3","male",9.2,1,2,23.45,"S","Master.","U","child",4
87,"no","3","male",16,1,3,34.375,"S","Mr.","U","teen",5
148,"no","3","female",9,2,2,34.375,"S","Miss.","U","child",5
437,"no","3","female",21,2,2,34.375,"S","Miss.","U","adult",5
737,"no","3","female",48,1,3,34.375,"S","Mrs.","U","adult",5
1059,NA,"3","male",18,2,2,34.375,"S","Mr.","U","teen",5
236,"no","3","female",16.7,0,0,7.55,"S","Miss.","U","teen",1
906,NA,"1","female",47,1,0,61.175,"S","Mrs.","E","adult",2
93,"no","1","male",46,1,0,61.175,"S","Mr.","E","adult",2
220,"no","2","male",30,0,0,10.5,"S","Mr.","U","adult",1
746,"no","1","male",70,1,1,71,"S","Mr.","B","senior",3
541,"yes","1","female",36,0,2,71,"S","Miss.","B","adult",3
